Date,Open Interest,Producer/Merchant/Processor/User Longs,Producer/Merchant/Processor/User Shorts,Swap Dealer Longs,Swap Dealer Shorts,Swap Dealer Spreads,Money Manager Longs,Money Manager Shorts,Money Manager Spreads,Other Reportable Longs,Other Reportable Shorts,Other Reportable Spreads,Total Reportable Longs,Total Reportable Shorts,Non Reportable Longs,Non Reportable Shorts
2006-06-13,159563.0,52914.0,74352.0,31585.0,371.0,182.0,14371.0,35579.0,4653.0,10402.0,3386.0,30525.0,144632.0,149048.0,14931.0,10515.0
2006-06-20,157556.0,49622.0,70143.0,31087.0,298.0,216.0,14856.0,36323.0,4702.0,10904.0,3952.0,33426.0,144814.0,149061.0,12743.0,8495.0
2006-06-27,154667.0,43156.0,62069.0,31216.0,475.0,202.0,15285.0,38951.0,5116.0,11797.0,4527.0,35353.0,142126.0,146693.0,12541.0,7974.0
2006-07-03,157478.0,38631.0,66493.0,31419.0,349.0,188.0,17219.0,30877.0,7766.0,11088.0,6510.0,37943.0,144255.0,150127.0,13222.0,7351.0
2006-07-11,154188.0,37868.0,66449.0,31587.0,441.0,101.0,16591.0,30490.0,8650.0,11717.0,5138.0,34152.0,140666.0,145421.0,13523.0,8767.0
2006-07-18,151436.0,36446.0,64564.0,31519.0,418.0,64.0,17740.0,32370.0,7699.0,10734.0,3879.0,33753.0,137956.0,142747.0,13480.0,8689.0
2006-07-25,155756.0,39598.0,63099.0,32076.0,452.0,102.0,17327.0,36403.0,8105.0,10829.0,3977.0,34431.0,142468.0,146569.0,13288.0,9187.0
2006-08-01,153176.0,36988.0,64699.0,31517.0,308.0,54.0,18761.0,33170.0,7790.0,10037.0,4588.0,34006.0,139154.0,144616.0,14022.0,8560.0
2006-08-08,153905.0,32476.0,73540.0,30830.0,409.0,106.0,20478.0,20526.0,10425.0,9547.0,4137.0,36992.0,140854.0,146135.0,13052.0,7770.0
2006-08-15,134945.0,32401.0,71492.0,30216.0,386.0,9.0,16675.0,18338.0,6017.0,10235.0,4278.0,26352.0,121905.0,126872.0,13040.0,8072.0
2006-08-22,133673.0,26424.0,67999.0,30647.0,231.0,31.0,18650.0,16163.0,6917.0,9667.0,5412.0,28673.0,121009.0,125425.0,12664.0,8248.0
2006-08-29,130003.0,27076.0,66026.0,30726.0,170.0,40.0,17589.0,17280.0,5592.0,9961.0,5807.0,28094.0,119078.0,123008.0,10926.0,6995.0
2006-09-05,133046.0,26594.0,67615.0,31556.0,245.0,338.0,18640.0,17474.0,5538.0,9536.0,5758.0,29467.0,121668.0,126435.0,11379.0,6612.0
2006-09-12,132032.0,29296.0,62237.0,31292.0,129.0,255.0,16927.0,22455.0,5598.0,10142.0,6010.0,27970.0,121482.0,124655.0,10550.0,7377.0
2006-09-19,138298.0,33115.0,60989.0,31140.0,97.0,237.0,16063.0,27721.0,6673.0,10232.0,4660.0,29909.0,127367.0,130285.0,10932.0,8013.0
2006-09-26,136541.0,30760.0,62668.0,31208.0,136.0,331.0,16779.0,24271.0,7049.0,9682.0,5056.0,29085.0,124895.0,128596.0,11646.0,7945.0
2006-10-03,142062.0,33716.0,64900.0,31483.0,237.0,314.0,17292.0,24208.0,7085.0,9881.0,5437.0,29584.0,129355.0,131765.0,12707.0,10297.0
2006-10-10,142009.0,34930.0,66000.0,31269.0,351.0,314.0,16911.0,25180.0,6874.0,10158.0,5511.0,30550.0,131007.0,134781.0,11003.0,7228.0
2006-10-17,139345.0,36544.0,64910.0,31350.0,787.0,233.0,17071.0,28922.0,5804.0,9946.0,4093.0,28244.0,129193.0,132993.0,10152.0,6351.0
2006-10-24,143758.0,35484.0,72519.0,31418.0,526.0,278.0,18689.0,23973.0,6094.0,10313.0,4038.0,29751.0,132027.0,137180.0,11730.0,6578.0
2006-10-31,151090.0,34432.0,77773.0,31252.0,791.0,230.0,21911.0,19870.0,6686.0,9274.0,4770.0,34347.0,138132.0,144467.0,12957.0,6623.0
2006-11-07,165573.0,33778.0,85826.0,31433.0,700.0,209.0,26033.0,14584.0,10732.0,10232.0,6004.0,40448.0,152865.0,158502.0,12708.0,7071.0
2006-11-14,155363.0,28353.0,87893.0,30698.0,409.0,238.0,30712.0,9196.0,6919.0,9193.0,7792.0,35369.0,141483.0,147815.0,13880.0,7548.0
2006-11-21,155139.0,28338.0,87284.0,30861.0,358.0,277.0,31748.0,7696.0,8550.0,8577.0,9251.0,34519.0,142870.0,147936.0,12269.0,7203.0
2006-11-28,162836.0,28388.0,90710.0,31180.0,312.0,445.0,33848.0,7429.0,9336.0,9164.0,9553.0,37207.0,149569.0,154992.0,13268.0,7844.0
2006-12-05,171839.0,28831.0,94347.0,31829.0,441.0,554.0,36233.0,7352.0,9564.0,9636.0,10649.0,41173.0,157821.0,164081.0,14018.0,7758.0
2006-12-12,170384.0,30042.0,97821.0,31859.0,200.0,508.0,37901.0,6643.0,7851.0,9665.0,10962.0,37700.0,155527.0,161685.0,14858.0,8699.0
2006-12-19,167635.0,32057.0,96204.0,32174.0,168.0,427.0,34399.0,7151.0,7205.0,9277.0,10303.0,37920.0,153459.0,159378.0,14176.0,8257.0
2006-12-26,175013.0,34163.0,101083.0,32135.0,244.0,488.0,35996.0,6472.0,7601.0,9395.0,10129.0,40861.0,160637.0,166878.0,14375.0,8135.0
2007-01-03,177345.0,35858.0,101713.0,32853.0,232.0,414.0,35093.0,8327.0,7503.0,9940.0,9556.0,42417.0,164078.0,170161.0,13267.0,7184.0
2007-01-09,171344.0,38117.0,95541.0,33003.0,219.0,444.0,27679.0,10155.0,7019.0,9597.0,7638.0,41532.0,157391.0,162548.0,13952.0,8795.0
2007-01-16,171887.0,37212.0,97410.0,35072.0,318.0,445.0,26390.0,9318.0,6770.0,9462.0,7934.0,42037.0,157388.0,164232.0,14499.0,7655.0
2007-01-23,169124.0,41733.0,95046.0,34606.0,239.0,595.0,20310.0,10990.0,6207.0,9929.0,6286.0,41898.0,155277.0,161261.0,13847.0,7863.0
2007-01-30,175153.0,43546.0,96708.0,35081.0,467.0,1112.0,19908.0,11865.0,6553.0,10882.0,6328.0,44261.0,161342.0,167294.0,13811.0,7859.0
2007-02-06,182138.0,50784.0,104732.0,34924.0,299.0,1383.0,20647.0,11912.0,7309.0,10740.0,5837.0,44397.0,170183.0,175870.0,11955.0,6268.0
2007-02-13,165533.0,53840.0,102213.0,34579.0,244.0,1206.0,19612.0,16386.0,6006.0,10254.0,3664.0,28983.0,154480.0,158703.0,11054.0,6831.0
2007-02-20,163978.0,48463.0,95912.0,35186.0,218.0,925.0,19640.0,19207.0,4980.0,11417.0,4064.0,28598.0,149208.0,153904.0,14770.0,10074.0
2007-02-27,167004.0,46096.0,98894.0,35408.0,515.0,926.0,21645.0,18180.0,6723.0,11717.0,3041.0,31841.0,154356.0,160120.0,12648.0,6884.0
2007-03-06,172069.0,49736.0,97475.0,35696.0,304.0,1171.0,22934.0,22654.0,6187.0,10719.0,3274.0,33617.0,160060.0,164683.0,12009.0,7386.0
2007-03-13,174985.0,50231.0,94824.0,35894.0,174.0,1354.0,22575.0,26223.0,8117.0,10455.0,2777.0,34801.0,163426.0,168269.0,11560.0,6716.0
2007-03-20,183371.0,53362.0,94047.0,35990.0,273.0,1445.0,23464.0,31036.0,9927.0,11244.0,3353.0,35376.0,170807.0,175456.0,12563.0,7914.0
2007-03-27,194142.0,51946.0,97108.0,36798.0,232.0,1463.0,26871.0,31283.0,10662.0,11569.0,3909.0,40294.0,179602.0,184952.0,14540.0,9190.0
2007-04-03,199093.0,54574.0,98018.0,36487.0,80.0,1382.0,25741.0,31308.0,11166.0,11135.0,3854.0,41911.0,182397.0,187718.0,16695.0,11374.0
2007-04-10,195067.0,55349.0,98252.0,36358.0,131.0,1312.0,25850.0,31661.0,10588.0,10599.0,3718.0,40723.0,180779.0,186385.0,14289.0,8683.0
2007-04-17,180824.0,50765.0,95997.0,36531.0,23.0,1249.0,26732.0,30204.0,9115.0,10363.0,3751.0,32269.0,167025.0,172607.0,13799.0,8217.0
2007-04-24,184866.0,53950.0,91016.0,36532.0,0.0,1112.0,25620.0,36138.0,9837.0,10574.0,3786.0,35334.0,172959.0,177222.0,11907.0,7644.0
2007-05-01,202785.0,62884.0,90761.0,36352.0,93.0,1200.0,27976.0,46984.0,10736.0,11517.0,3931.0,42298.0,192963.0,196004.0,9823.0,6782.0
2007-05-08,209466.0,65845.0,93089.0,36931.0,88.0,1258.0,28629.0,50179.0,11330.0,11564.0,4270.0,43469.0,199027.0,203683.0,10440.0,5783.0
2007-05-15,207901.0,63166.0,91461.0,37714.0,184.0,1258.0,28566.0,50721.0,13057.0,11684.0,3700.0,41397.0,196841.0,201778.0,11059.0,6123.0
2007-05-22,208191.0,60934.0,96247.0,37853.0,87.0,1126.0,27778.0,43987.0,16469.0,11913.0,3192.0,43336.0,199409.0,204445.0,8782.0,3746.0
2007-05-29,209880.0,57890.0,96622.0,38389.0,150.0,1146.0,28284.0,41676.0,16000.0,11880.0,2990.0,44377.0,197967.0,202960.0,11913.0,6920.0
2007-06-05,207588.0,54749.0,104068.0,37955.0,247.0,888.0,29937.0,30633.0,15768.0,11497.0,2945.0,45310.0,196104.0,199860.0,11484.0,7728.0
2007-06-12,198754.0,54972.0,108521.0,37576.0,500.0,850.0,31746.0,28430.0,13192.0,10979.0,2228.0,36834.0,186150.0,190556.0,12603.0,8197.0
2007-06-19,192663.0,52917.0,106728.0,36609.0,509.0,679.0,32936.0,27509.0,12856.0,11122.0,2519.0,35586.0,182704.0,186385.0,9959.0,6278.0
2007-06-26,192656.0,48107.0,99716.0,36817.0,1134.0,690.0,33658.0,30016.0,12746.0,11689.0,2741.0,37960.0,181668.0,185004.0,10988.0,7652.0
2007-07-03,200884.0,50774.0,99568.0,40976.0,1229.0,637.0,32876.0,35733.0,13508.0,11960.0,2912.0,40782.0,191513.0,194368.0,9371.0,6516.0
2007-07-10,207526.0,52264.0,98751.0,42117.0,1241.0,638.0,33025.0,40507.0,14311.0,12874.0,3244.0,41752.0,196981.0,200444.0,10545.0,7082.0
2007-07-17,210634.0,51901.0,98547.0,42970.0,1037.0,555.0,33867.0,42916.0,15539.0,12598.0,3385.0,40762.0,198192.0,202742.0,12442.0,7891.0
2007-07-24,214522.0,49534.0,101163.0,41416.0,1248.0,960.0,34982.0,38081.0,19132.0,12633.0,3276.0,43731.0,202387.0,207591.0,12135.0,6932.0
2007-07-31,216416.0,48941.0,102904.0,40716.0,1513.0,979.0,36540.0,34998.0,17951.0,12601.0,3285.0,47359.0,205087.0,208989.0,11328.0,7426.0
2007-08-07,214639.0,44981.0,105829.0,39575.0,1578.0,758.0,38477.0,29317.0,17308.0,11418.0,3561.0,46671.0,199188.0,205022.0,15451.0,9618.0
2007-08-14,203881.0,41920.0,110090.0,38531.0,1823.0,270.0,43926.0,21202.0,16463.0,10311.0,6625.0,41262.0,192682.0,197733.0,11198.0,6148.0
2007-08-21,198574.0,40237.0,105467.0,37940.0,1619.0,252.0,38494.0,19056.0,17364.0,10723.0,4318.0,41753.0,186764.0,189830.0,11810.0,8744.0
2007-08-28,193780.0,37470.0,99587.0,37880.0,1705.0,804.0,37607.0,22548.0,17373.0,11559.0,3166.0,41945.0,184637.0,187127.0,9142.0,6652.0
2007-09-04,198605.0,37525.0,97555.0,38965.0,1662.0,1069.0,38097.0,26146.0,18024.0,11296.0,3414.0,42200.0,187176.0,190070.0,11429.0,8535.0
2007-09-11,199830.0,35678.0,96070.0,39980.0,2102.0,1014.0,39487.0,26887.0,18526.0,11998.0,5227.0,42599.0,189282.0,192425.0,10548.0,7405.0
2007-09-18,214723.0,36347.0,106607.0,41120.0,2946.0,1007.0,42768.0,19690.0,19231.0,13346.0,7144.0,48414.0,202234.0,205039.0,12489.0,9684.0
2007-09-25,224809.0,36962.0,117316.0,41913.0,3563.0,1082.0,45994.0,12704.0,20961.0,12658.0,7869.0,51692.0,211263.0,215187.0,13546.0,9622.0
2007-10-02,231608.0,36653.0,122637.0,41685.0,3416.0,1150.0,48949.0,11758.0,21708.0,13439.0,8373.0,55384.0,218967.0,224426.0,12640.0,7182.0
2007-10-09,240958.0,39628.0,126524.0,40746.0,3327.0,1579.0,52102.0,11967.0,22871.0,12513.0,7935.0,58296.0,227735.0,232499.0,13223.0,8459.0
2007-10-16,230706.0,34918.0,127947.0,40224.0,3065.0,1867.0,55083.0,11482.0,20270.0,13730.0,6751.0,51593.0,217686.0,222975.0,13021.0,7732.0
2007-10-23,224737.0,33626.0,126227.0,41821.0,3286.0,1890.0,51788.0,12228.0,18036.0,13189.0,3685.0,52754.0,213104.0,218106.0,11633.0,6631.0
2007-10-30,218223.0,34615.0,121883.0,43742.0,2914.0,1870.0,45923.0,12909.0,16756.0,13690.0,2950.0,50278.0,206876.0,209560.0,11348.0,8664.0
2007-11-06,215074.0,33186.0,117426.0,44426.0,2867.0,1814.0,44172.0,14581.0,15898.0,13778.0,2463.0,50226.0,203499.0,205276.0,11575.0,9798.0
2007-11-13,200991.0,30982.0,114820.0,44645.0,3334.0,1652.0,44340.0,13736.0,13708.0,13182.0,2828.0,41874.0,190383.0,191952.0,10608.0,9039.0
2007-11-20,195579.0,27459.0,112955.0,44280.0,3202.0,1506.0,44997.0,12652.0,12667.0,12456.0,3209.0,41261.0,184626.0,187451.0,10953.0,8128.0
2007-11-27,194411.0,25324.0,109283.0,44309.0,3057.0,1600.0,45503.0,14531.0,11440.0,11608.0,2984.0,43257.0,183041.0,186152.0,11369.0,8259.0
2007-12-04,201563.0,24768.0,112906.0,44927.0,5023.0,1425.0,48465.0,12566.0,13041.0,12112.0,5045.0,43759.0,188497.0,193764.0,13066.0,7799.0
2007-12-11,208827.0,25947.0,115735.0,44759.0,5330.0,1455.0,48953.0,11252.0,15653.0,13398.0,6799.0,44203.0,194369.0,200428.0,14458.0,8399.0
2007-12-18,209073.0,25098.0,117463.0,45392.0,5948.0,1429.0,51387.0,10272.0,15806.0,12148.0,7567.0,42046.0,193306.0,200531.0,15767.0,8541.0
2007-12-24,211192.0,25744.0,118675.0,45432.0,5816.0,1567.0,53280.0,9756.0,16764.0,11913.0,8373.0,42189.0,196889.0,203140.0,14303.0,8053.0
2007-12-31,218353.0,27295.0,123122.0,47276.0,6338.0,1519.0,55269.0,9252.0,16544.0,11430.0,9982.0,43541.0,202873.0,210297.0,15479.0,8056.0
2008-01-08,226564.0,27645.0,123446.0,49729.0,6475.0,1685.0,54939.0,10616.0,17829.0,11175.0,9288.0,48053.0,211054.0,217391.0,15511.0,9173.0
2008-01-15,236768.0,28492.0,130138.0,56759.0,6801.0,1611.0,55887.0,12630.0,18996.0,10495.0,9010.0,47947.0,220187.0,227133.0,16582.0,9635.0
2008-01-22,233049.0,29801.0,128276.0,55898.0,6320.0,1724.0,52739.0,13347.0,18686.0,10094.0,5445.0,49318.0,218259.0,223116.0,14790.0,9932.0
2008-01-29,242119.0,31538.0,133208.0,58488.0,6002.0,2827.0,51876.0,14445.0,21902.0,10656.0,4635.0,51331.0,228617.0,234349.0,13502.0,7770.0
2008-02-05,258075.0,32534.0,146761.0,59419.0,6924.0,1848.0,59575.0,9032.0,22927.0,10711.0,5487.0,57355.0,244369.0,250334.0,13705.0,7741.0
2008-02-12,258802.0,35630.0,156322.0,59354.0,6393.0,1424.0,65966.0,7596.0,20729.0,8856.0,5598.0,52169.0,244128.0,250230.0,14674.0,8572.0
2008-02-19,279062.0,44031.0,167026.0,62255.0,8449.0,1525.0,66322.0,8572.0,20727.0,8715.0,5232.0,60523.0,264098.0,272055.0,14965.0,7007.0
2008-02-26,273568.0,36786.0,160841.0,62856.0,5897.0,1536.0,65768.0,8591.0,18087.0,7954.0,5176.0,67046.0,260033.0,267173.0,13536.0,6395.0
2008-03-04,284067.0,39131.0,157525.0,60443.0,8117.0,2020.0,62212.0,7801.0,20425.0,8041.0,3600.0,76761.0,269033.0,276249.0,15034.0,7819.0
2008-03-11,276473.0,43620.0,154621.0,59578.0,7295.0,2406.0,54057.0,6828.0,20751.0,7822.0,3034.0,75493.0,263726.0,270428.0,12747.0,6045.0
2008-03-18,263541.0,50368.0,146161.0,56429.0,6453.0,2831.0,38277.0,4146.0,23341.0,7969.0,2595.0,71653.0,250868.0,257180.0,12673.0,6361.0
2008-03-25,257582.0,51885.0,139390.0,54783.0,6203.0,2928.0,32857.0,4165.0,24576.0,8154.0,3213.0,71820.0,247002.0,252295.0,10580.0,5287.0
2008-04-01,248206.0,53876.0,133529.0,54271.0,5977.0,2846.0,32385.0,7712.0,21219.0,8414.0,3630.0,68801.0,241812.0,243715.0,6394.0,4491.0
2008-04-08,244336.0,51671.0,131438.0,54477.0,6090.0,2456.0,31188.0,8636.0,19367.0,9136.0,3417.0,68122.0,236417.0,239526.0,7920.0,4810.0
2008-04-15,229083.0,53773.0,135831.0,54837.0,6183.0,2313.0,31130.0,7193.0,14822.0,6808.0,2732.0,52360.0,216043.0,221433.0,13040.0,7650.0
2008-04-22,220179.0,45337.0,126983.0,54989.0,5732.0,2446.0,30988.0,7280.0,14383.0,7949.0,2988.0,53628.0,209720.0,213440.0,10459.0,6739.0
2008-04-29,215471.0,44026.0,123482.0,54783.0,4189.0,2609.0,30577.0,9538.0,13215.0,7591.0,3361.0,53367.0,206169.0,209761.0,9302.0,5710.0
2008-05-06,214412.0,41899.0,119731.0,55073.0,2655.0,2667.0,29170.0,10320.0,14550.0,6151.0,3451.0,54722.0,204232.0,208094.0,10180.0,6318.0
2008-05-13,212086.0,38728.0,119969.0,56685.0,1406.0,2775.0,29775.0,8718.0,14642.0,6168.0,2862.0,53572.0,202344.0,203944.0,9743.0,8143.0
2008-05-20,216891.0,38524.0,121322.0,56442.0,1198.0,3090.0,28556.0,8783.0,16417.0,7357.0,2964.0,56323.0,206709.0,210097.0,10182.0,6794.0
2008-05-27,219306.0,40457.0,118320.0,55862.0,1125.0,2970.0,26967.0,11070.0,16242.0,7614.0,2936.0,58840.0,208951.0,211504.0,10354.0,7802.0
2008-06-03,223174.0,40638.0,115539.0,56240.0,1403.0,3467.0,26910.0,10938.0,18552.0,7496.0,3306.0,59203.0,212506.0,212408.0,10668.0,10766.0
2008-06-10,219067.0,38162.0,111861.0,55747.0,1309.0,3729.0,25914.0,10398.0,17707.0,7417.0,3105.0,59612.0,208288.0,207720.0,10779.0,11347.0
2008-06-17,199685.0,38074.0,116135.0,54356.0,1310.0,3161.0,28943.0,9346.0,15792.0,7583.0,3251.0,40971.0,188879.0,189964.0,10805.0,9720.0
2008-06-24,203186.0,29282.0,114656.0,55184.0,1702.0,3152.0,32752.0,7601.0,15717.0,7065.0,3533.0,46264.0,189416.0,192626.0,13770.0,10560.0
2008-07-01,213618.0,29113.0,120132.0,56937.0,3036.0,4909.0,37201.0,6432.0,15675.0,6767.0,3793.0,49801.0,200404.0,203778.0,13214.0,9840.0
2008-07-08,211963.0,29795.0,117256.0,56993.0,2502.0,5031.0,33221.0,5796.0,14850.0,6208.0,2451.0,53881.0,199979.0,201767.0,11984.0,10196.0
2008-07-15,201476.0,30507.0,118285.0,56768.0,2163.0,4869.0,29695.0,5032.0,14329.0,6164.0,2488.0,47189.0,189522.0,194355.0,11954.0,7120.0
2008-07-22,199888.0,33058.0,115086.0,54868.0,2239.0,4257.0,29384.0,6171.0,14270.0,5928.0,3049.0,48863.0,190628.0,193936.0,9260.0,5952.0
2008-07-29,201013.0,35409.0,110071.0,54800.0,2124.0,4143.0,26455.0,9536.0,14682.0,5952.0,3187.0,50698.0,192138.0,194441.0,8875.0,6573.0
2008-08-05,196805.0,34134.0,108988.0,55305.0,2060.0,5041.0,27978.0,10809.0,12161.0,7371.0,2945.0,46611.0,188602.0,188615.0,8203.0,8190.0
2008-08-12,174348.0,29896.0,101568.0,54429.0,2019.0,3306.0,25734.0,12272.0,9038.0,6211.0,2490.0,36968.0,165583.0,167661.0,8765.0,6688.0
2008-08-19,173694.0,33984.0,95445.0,54345.0,2139.0,3423.0,23969.0,14360.0,8278.0,5355.0,3615.0,38613.0,167966.0,165874.0,5729.0,7821.0
2008-08-26,173837.0,27899.0,101824.0,53607.0,1861.0,3746.0,28437.0,12060.0,7734.0,5706.0,3899.0,39307.0,166437.0,170432.0,7401.0,3405.0
2008-09-02,172905.0,26785.0,103467.0,53056.0,1883.0,3736.0,31986.0,11765.0,7101.0,5956.0,3425.0,39069.0,167688.0,170445.0,5217.0,2460.0
2008-09-09,172502.0,29334.0,100698.0,53379.0,1867.0,4016.0,28573.0,11881.0,6093.0,5103.0,3434.0,40624.0,167122.0,168612.0,5380.0,3890.0
2008-09-16,177977.0,36324.0,93365.0,51625.0,1758.0,4782.0,24567.0,17586.0,8428.0,4754.0,5300.0,40611.0,171092.0,171830.0,6885.0,6146.0
2008-09-23,178317.0,37261.0,88454.0,48945.0,1788.0,4715.0,23160.0,19063.0,9089.0,4940.0,5473.0,45283.0,173393.0,173865.0,4924.0,4452.0
2008-09-30,194219.0,50811.0,98078.0,47626.0,1636.0,5041.0,22028.0,20091.0,10053.0,4767.0,5116.0,48593.0,188920.0,188607.0,5299.0,5612.0
2008-10-07,211850.0,59479.0,89106.0,43601.0,1615.0,6390.0,12507.0,24550.0,16286.0,3714.0,3798.0,62480.0,204458.0,204226.0,7392.0,7624.0
2008-10-14,196886.0,57452.0,84948.0,41719.0,2142.0,5943.0,11434.0,24711.0,14622.0,3971.0,2455.0,55630.0,190770.0,190450.0,6116.0,6436.0
2008-10-21,197804.0,58305.0,82723.0,40331.0,2532.0,5823.0,10719.0,25507.0,14916.0,4190.0,2043.0,58286.0,192569.0,191829.0,5234.0,5975.0
2008-10-28,202586.0,59557.0,81961.0,38435.0,3497.0,5613.0,10679.0,23930.0,16241.0,3782.0,2405.0,62751.0,197058.0,196398.0,5528.0,6188.0
2008-11-04,196089.0,57995.0,83529.0,37422.0,3162.0,5403.0,11395.0,22766.0,15374.0,4597.0,2311.0,57121.0,189306.0,189665.0,6783.0,6424.0
2008-11-11,194994.0,62557.0,82572.0,36733.0,5788.0,4230.0,10802.0,23503.0,14509.0,7514.0,5667.0,52501.0,188846.0,188770.0,6148.0,6224.0
2008-11-18,144399.0,49908.0,67777.0,35067.0,5860.0,1469.0,11001.0,23666.0,5031.0,4174.0,1802.0,29918.0,136567.0,135523.0,7831.0,8876.0
2008-11-25,141009.0,46215.0,62648.0,34474.0,7857.0,1599.0,11628.0,22331.0,5072.0,3734.0,2688.0,30878.0,133600.0,133073.0,7410.0,7936.0
2008-12-02,144467.0,47624.0,62491.0,34691.0,8006.0,1520.0,11146.0,22748.0,6150.0,3886.0,3448.0,31375.0,136392.0,135738.0,8075.0,8728.0
2008-12-09,155477.0,54150.0,63953.0,33477.0,8432.0,1679.0,10370.0,25173.0,7456.0,4246.0,3337.0,37266.0,148642.0,147295.0,6835.0,8182.0
2008-12-16,156807.0,52048.0,64534.0,33055.0,8652.0,1643.0,10226.0,24037.0,12637.0,4860.0,2340.0,34489.0,148957.0,148331.0,7851.0,8477.0
2008-12-22,159852.0,53211.0,65317.0,33530.0,8664.0,1610.0,10741.0,24794.0,13277.0,4726.0,2870.0,35768.0,152864.0,152299.0,6988.0,7553.0
2008-12-30,161748.0,54403.0,65723.0,33509.0,8598.0,1665.0,10335.0,26407.0,13855.0,5351.0,2772.0,35642.0,154762.0,154662.0,6986.0,7086.0
2009-01-06,166407.0,51301.0,70505.0,34338.0,8489.0,1833.0,12376.0,22565.0,15778.0,5844.0,2599.0,36774.0,158243.0,158543.0,8164.0,7864.0
2009-01-13,165820.0,46013.0,69596.0,31761.0,8868.0,1795.0,15780.0,19603.0,17069.0,6234.0,2300.0,36430.0,155081.0,155660.0,10740.0,10160.0
2009-01-20,166899.0,45607.0,72179.0,30881.0,9214.0,1747.0,17045.0,18825.0,17306.0,7103.0,2351.0,36635.0,156325.0,158258.0,10574.0,8641.0
2009-01-27,176674.0,45655.0,81539.0,32103.0,7858.0,3007.0,18756.0,15221.0,17191.0,8432.0,2278.0,41241.0,166385.0,168336.0,10289.0,8338.0
2009-02-03,179113.0,46836.0,82380.0,31836.0,7800.0,3635.0,17479.0,13132.0,17335.0,8716.0,3086.0,43214.0,169052.0,170583.0,10061.0,8530.0
2009-02-10,177922.0,45844.0,80992.0,31884.0,7814.0,4850.0,15768.0,11827.0,18033.0,8767.0,2794.0,41954.0,167099.0,168264.0,10823.0,9659.0
2009-02-17,159119.0,45463.0,75304.0,31772.0,7410.0,2660.0,16623.0,16099.0,14846.0,7753.0,3748.0,31784.0,150901.0,151851.0,8218.0,7268.0
2009-02-24,153837.0,38946.0,63176.0,31859.0,6547.0,2593.0,17559.0,19052.0,15357.0,7348.0,2529.0,31563.0,145225.0,140818.0,8612.0,13020.0
2009-03-03,161428.0,43408.0,66068.0,32396.0,6536.0,2869.0,16382.0,23923.0,17060.0,6815.0,2622.0,33851.0,152781.0,152928.0,8647.0,8499.0
2009-03-10,167338.0,47225.0,68568.0,31975.0,6825.0,3184.0,16771.0,25444.0,17625.0,7199.0,2398.0,34178.0,158157.0,158221.0,9181.0,9117.0
2009-03-17,173099.0,51758.0,76894.0,31845.0,6803.0,4138.0,18303.0,23286.0,17441.0,6285.0,2513.0,34466.0,164237.0,165543.0,8862.0,7556.0
2009-03-24,178041.0,50246.0,83398.0,32723.0,7407.0,4456.0,19566.0,17327.0,18060.0,6620.0,2991.0,35347.0,167019.0,168986.0,11022.0,9054.0
2009-03-31,180503.0,51724.0,87923.0,33312.0,8104.0,4364.0,21014.0,15381.0,18484.0,6719.0,3710.0,35632.0,171250.0,173599.0,9253.0,6905.0
2009-04-07,180478.0,50622.0,90303.0,33795.0,8104.0,4305.0,20882.0,13305.0,17013.0,6631.0,2644.0,36869.0,170116.0,172542.0,10362.0,7936.0
2009-04-14,167229.0,50060.0,87177.0,34068.0,8039.0,4650.0,20614.0,14839.0,14874.0,6225.0,2522.0,27666.0,158158.0,159767.0,9071.0,7462.0
2009-04-21,155916.0,40132.0,76077.0,34667.0,5082.0,3938.0,21794.0,19360.0,15249.0,6019.0,2336.0,25660.0,147459.0,147703.0,8457.0,8214.0
2009-04-28,153605.0,36673.0,74513.0,35788.0,6178.0,3568.0,21929.0,18827.0,15390.0,6129.0,1369.0,25605.0,145081.0,145450.0,8524.0,8155.0
2009-05-05,162761.0,34883.0,82574.0,36715.0,5806.0,3634.0,24686.0,15365.0,16159.0,7252.0,1842.0,28621.0,151951.0,154000.0,10810.0,8761.0
2009-05-12,167888.0,34908.0,90082.0,37051.0,5904.0,3855.0,25966.0,10451.0,18002.0,7468.0,1743.0,29200.0,156451.0,159238.0,11436.0,8650.0
2009-05-19,174424.0,33496.0,93478.0,36731.0,5989.0,3696.0,29340.0,9202.0,19930.0,7461.0,1685.0,30959.0,161613.0,164940.0,12812.0,9485.0
2009-05-26,182227.0,33369.0,98083.0,37795.0,6160.0,3757.0,32138.0,8479.0,20662.0,8539.0,1724.0,33648.0,169907.0,172514.0,12320.0,9713.0
2009-06-02,193057.0,33429.0,104893.0,38483.0,6264.0,3881.0,36382.0,8149.0,20942.0,9696.0,1701.0,37877.0,180690.0,183708.0,12367.0,9349.0
2009-06-09,178670.0,33018.0,100843.0,37576.0,5961.0,3814.0,32944.0,6035.0,17852.0,8204.0,1492.0,33589.0,166997.0,169587.0,11673.0,9083.0
2009-06-16,155270.0,34654.0,90467.0,38535.0,5706.0,3238.0,23839.0,6021.0,16801.0,6004.0,3031.0,22344.0,145415.0,147608.0,9855.0,7662.0
2009-06-23,142104.0,31350.0,79475.0,38582.0,4997.0,2949.0,18231.0,7870.0,14150.0,6255.0,2562.0,21888.0,133406.0,133892.0,8699.0,8212.0
2009-06-30,141516.0,33105.0,78669.0,37408.0,3500.0,1876.0,18657.0,11566.0,13872.0,5947.0,2415.0,22227.0,133092.0,134125.0,8424.0,7392.0
2009-07-07,141909.0,33420.0,75526.0,37254.0,3425.0,1811.0,17817.0,13125.0,14263.0,5610.0,2443.0,22294.0,132469.0,132886.0,9440.0,9023.0
2009-07-14,135436.0,34353.0,71368.0,36613.0,3466.0,1759.0,15258.0,15155.0,11916.0,5400.0,2331.0,20513.0,125813.0,126507.0,9623.0,8929.0
2009-07-21,136482.0,31434.0,71543.0,36731.0,3554.0,1653.0,16200.0,14303.0,12823.0,5326.0,2127.0,21850.0,126017.0,127853.0,10465.0,8629.0
2009-07-28,133484.0,28881.0,70406.0,36842.0,3245.0,1360.0,15288.0,12695.0,12281.0,5984.0,2362.0,22354.0,122990.0,124702.0,10494.0,8782.0
2009-08-04,136705.0,24393.0,74850.0,36982.0,3772.0,1956.0,18036.0,7062.0,12298.0,6132.0,2380.0,26004.0,125800.0,128321.0,10905.0,8384.0
2009-08-11,140619.0,21711.0,80249.0,37812.0,4278.0,1925.0,23935.0,4386.0,10660.0,5644.0,2624.0,27077.0,128763.0,131199.0,11856.0,9420.0
2009-08-18,120832.0,21702.0,79662.0,37487.0,3652.0,1058.0,21302.0,3696.0,7273.0,6043.0,855.0,17453.0,112318.0,113648.0,8513.0,7183.0
2009-08-25,111943.0,18589.0,64252.0,38264.0,7838.0,958.0,15985.0,6391.0,7356.0,6045.0,1172.0,16975.0,104174.0,104942.0,7769.0,7001.0
2009-09-01,116102.0,20912.0,60265.0,39828.0,8707.0,1022.0,14080.0,11665.0,7738.0,6143.0,578.0,18619.0,108344.0,108595.0,7758.0,7507.0
2009-09-08,118725.0,21658.0,60551.0,40476.0,8517.0,955.0,14992.0,14664.0,7539.0,6069.0,508.0,19127.0,110816.0,111861.0,7909.0,6864.0
2009-09-15,122119.0,20206.0,66612.0,41165.0,8684.0,1121.0,17274.0,12245.0,7976.0,8034.0,807.0,18853.0,114630.0,116298.0,7489.0,5821.0
2009-09-22,131583.0,19836.0,75690.0,41965.0,9172.0,1183.0,22715.0,7445.0,8846.0,7000.0,1044.0,21808.0,123353.0,125187.0,8231.0,6396.0
2009-09-29,124593.0,20557.0,73489.0,40276.0,8946.0,1475.0,20232.0,6162.0,7905.0,6747.0,1231.0,20038.0,117231.0,119246.0,7362.0,5347.0
2009-10-06,130961.0,20023.0,74565.0,41030.0,9079.0,1783.0,20981.0,7377.0,8261.0,7550.0,1515.0,22882.0,122511.0,125463.0,8450.0,5498.0
2009-10-13,140961.0,18639.0,79393.0,40562.0,9061.0,1958.0,28214.0,6919.0,8642.0,7549.0,1673.0,25283.0,130846.0,132930.0,10114.0,8031.0
2009-10-20,155773.0,17864.0,88843.0,41286.0,9151.0,2300.0,37263.0,6939.0,11921.0,7275.0,2441.0,27490.0,145400.0,149084.0,10374.0,6689.0
2009-10-27,153465.0,17376.0,89247.0,42581.0,9119.0,2518.0,37604.0,6478.0,10911.0,6114.0,1950.0,27027.0,144130.0,147249.0,9335.0,6216.0
2009-11-03,160172.0,17407.0,90514.0,43342.0,9103.0,3594.0,37346.0,5414.0,11393.0,6080.0,2185.0,30639.0,149800.0,152843.0,10372.0,7329.0
2009-11-09,163911.0,22230.0,97373.0,44178.0,8836.0,3167.0,39124.0,5471.0,10342.0,5638.0,1986.0,28807.0,153486.0,155981.0,10425.0,7930.0
2009-11-17,134595.0,20378.0,87362.0,44988.0,5169.0,3237.0,27256.0,5200.0,7651.0,4156.0,1318.0,17841.0,125508.0,127779.0,9087.0,6816.0
2009-11-24,129398.0,16814.0,82057.0,44491.0,5153.0,3108.0,25173.0,4496.0,8638.0,4234.0,1624.0,18250.0,120708.0,123327.0,8690.0,6072.0
2009-12-01,137520.0,15184.0,83223.0,45416.0,8411.0,3079.0,29168.0,5757.0,10513.0,5631.0,1414.0,18908.0,127900.0,131305.0,9620.0,6215.0
2009-12-08,147623.0,15705.0,88347.0,46088.0,8605.0,3123.0,33688.0,6479.0,11433.0,5693.0,1307.0,21484.0,137214.0,140778.0,10409.0,6845.0
2009-12-15,158299.0,16580.0,95666.0,46638.0,8741.0,3486.0,39197.0,6967.0,12202.0,6364.0,1668.0,22992.0,147459.0,151723.0,10840.0,6577.0
2009-12-22,159072.0,17665.0,95826.0,47162.0,8561.0,4027.0,37946.0,7183.0,13716.0,6054.0,1747.0,20771.0,147340.0,151831.0,11732.0,7241.0
2009-12-29,150969.0,18240.0,90516.0,47712.0,8181.0,4313.0,29848.0,6218.0,13846.0,6302.0,1334.0,19031.0,139292.0,143438.0,11677.0,7531.0
2010-01-05,154613.0,19601.0,89166.0,47636.0,8221.0,4342.0,29110.0,9007.0,14649.0,7167.0,1391.0,20767.0,143272.0,147542.0,11341.0,7071.0
2010-01-12,156729.0,19492.0,91496.0,45924.0,8548.0,4969.0,32507.0,7216.0,15040.0,6723.0,2119.0,20697.0,145352.0,150085.0,11377.0,6644.0
2010-01-19,158450.0,20550.0,92803.0,46627.0,8589.0,5243.0,31255.0,7670.0,15584.0,8197.0,1474.0,20260.0,147715.0,151621.0,10735.0,6829.0
2010-01-26,157148.0,21524.0,90519.0,47176.0,8358.0,5430.0,28979.0,9284.0,15559.0,7948.0,1334.0,21204.0,147820.0,151688.0,9328.0,5460.0
2010-02-02,160748.0,28150.0,84551.0,44823.0,8232.0,6959.0,25482.0,13249.0,14411.0,6553.0,1011.0,26385.0,152762.0,154798.0,7985.0,5950.0
2010-02-09,167958.0,35195.0,86020.0,44411.0,8186.0,4291.0,23947.0,17088.0,13959.0,6712.0,994.0,26277.0,154791.0,156815.0,13166.0,11143.0
2010-02-16,150277.0,32116.0,83564.0,44415.0,8055.0,2852.0,24678.0,17352.0,10041.0,7765.0,757.0,20001.0,141867.0,142621.0,8411.0,7657.0
2010-02-23,147548.0,29959.0,78814.0,43476.0,7856.0,3031.0,23774.0,18230.0,10121.0,7069.0,1242.0,21063.0,138492.0,140356.0,9056.0,7192.0
2010-03-02,149554.0,30220.0,75934.0,43962.0,7833.0,2682.0,21147.0,19110.0,10164.0,7100.0,764.0,24967.0,140242.0,141454.0,9312.0,8099.0
2010-03-09,155498.0,29953.0,77038.0,44406.0,7762.0,2945.0,21781.0,19468.0,10420.0,7166.0,609.0,28348.0,145020.0,146591.0,10478.0,8907.0
2010-03-16,152708.0,29479.0,76949.0,44825.0,7718.0,3048.0,22423.0,19207.0,10196.0,7223.0,1370.0,26596.0,143790.0,145084.0,8919.0,7625.0
2010-03-23,156028.0,28270.0,80303.0,45275.0,7689.0,3391.0,23555.0,16876.0,11653.0,7244.0,892.0,27303.0,146690.0,148107.0,9337.0,7921.0
2010-03-30,164559.0,27165.0,88396.0,45927.0,8525.0,3765.0,28175.0,12141.0,12574.0,7190.0,1374.0,29560.0,154356.0,156335.0,10203.0,8224.0
2010-04-06,166294.0,26037.0,89947.0,46782.0,8124.0,4362.0,28401.0,10927.0,11787.0,6781.0,1283.0,30999.0,155150.0,157428.0,11145.0,8866.0
2010-04-13,162077.0,34039.0,91014.0,46222.0,8012.0,2607.0,24284.0,13088.0,12264.0,5799.0,1303.0,25288.0,150503.0,153577.0,11573.0,8499.0
2010-04-20,165473.0,35226.0,82092.0,43899.0,5733.0,6067.0,23270.0,21441.0,13956.0,7107.0,1667.0,26044.0,155570.0,157000.0,9903.0,8473.0
2010-04-27,174814.0,33874.0,78150.0,44702.0,5420.0,6959.0,25445.0,27408.0,17497.0,6930.0,2074.0,29071.0,164477.0,166579.0,10337.0,8235.0
2010-05-04,175020.0,28994.0,80710.0,44129.0,5844.0,7341.0,29050.0,20468.0,17969.0,6232.0,1839.0,29876.0,163591.0,164046.0,11428.0,10974.0
2010-05-11,178346.0,31584.0,82010.0,44008.0,6142.0,7020.0,27285.0,19838.0,18642.0,6461.0,1621.0,30711.0,165713.0,165985.0,12633.0,12361.0
2010-05-18,174591.0,32142.0,82083.0,43436.0,5786.0,7656.0,26596.0,19422.0,18930.0,6694.0,1499.0,29971.0,165425.0,165347.0,9167.0,9244.0
2010-05-25,183809.0,37866.0,81100.0,43690.0,6204.0,8342.0,26635.0,24367.0,18843.0,6447.0,2050.0,32536.0,174360.0,173442.0,9449.0,10367.0
2010-06-01,185142.0,35249.0,84364.0,43104.0,6832.0,7352.0,28558.0,19716.0,18063.0,6819.0,2107.0,36286.0,175430.0,174721.0,9712.0,10421.0
2010-06-08,190784.0,36511.0,81800.0,42801.0,6733.0,6917.0,25895.0,19773.0,23060.0,6906.0,4814.0,37610.0,179700.0,180708.0,11084.0,10076.0
2010-06-15,212636.0,35049.0,99642.0,44284.0,7936.0,3418.0,35219.0,14555.0,27045.0,11244.0,3304.0,43360.0,199619.0,199259.0,13017.0,13377.0
2010-06-22,225842.0,38403.0,113045.0,43776.0,8920.0,5137.0,43636.0,12113.0,27371.0,8959.0,2715.0,46120.0,213403.0,215421.0,12439.0,10421.0
2010-06-29,234775.0,42009.0,118217.0,42642.0,8764.0,6065.0,45156.0,12177.0,26779.0,8783.0,1965.0,52057.0,223491.0,226025.0,11284.0,8750.0
2010-07-06,231186.0,41900.0,120112.0,42858.0,8185.0,6169.0,45498.0,10987.0,24518.0,8707.0,2095.0,51705.0,221354.0,223770.0,9833.0,7416.0
2010-07-13,231399.0,41818.0,121856.0,43320.0,9377.0,5896.0,46237.0,9942.0,27303.0,9099.0,2293.0,46303.0,219977.0,222970.0,11422.0,8428.0
2010-07-20,230138.0,40304.0,120304.0,43909.0,9519.0,5529.0,47477.0,10178.0,26845.0,8099.0,2255.0,46499.0,218662.0,221129.0,11475.0,9009.0
2010-07-27,227651.0,38452.0,120384.0,44014.0,9604.0,5573.0,46544.0,7910.0,26480.0,8452.0,2129.0,46971.0,216487.0,219051.0,11165.0,8600.0
2010-08-03,233834.0,39394.0,123233.0,44334.0,9680.0,5578.0,48329.0,7667.0,24815.0,8536.0,2920.0,51882.0,222868.0,225776.0,10966.0,8058.0
2010-08-10,229713.0,38137.0,120860.0,43772.0,9914.0,4717.0,48306.0,7366.0,24413.0,8332.0,2670.0,51174.0,218852.0,221116.0,10861.0,8597.0
2010-08-17,209065.0,35417.0,119387.0,43508.0,9449.0,1843.0,50089.0,7187.0,22283.0,8324.0,3151.0,38433.0,199898.0,201734.0,9168.0,7332.0
2010-08-24,196426.0,34337.0,110653.0,41912.0,6698.0,2449.0,43357.0,7617.0,19533.0,7412.0,2210.0,38599.0,187599.0,187758.0,8827.0,8668.0
2010-08-31,196270.0,34244.0,108389.0,40884.0,6664.0,2706.0,42788.0,7395.0,20354.0,5896.0,2240.0,41467.0,188338.0,189215.0,7932.0,7055.0
2010-09-07,210523.0,36482.0,113759.0,40837.0,6635.0,3026.0,45830.0,6969.0,20702.0,6667.0,3181.0,47518.0,201062.0,201789.0,9461.0,8734.0
2010-09-14,208541.0,34584.0,113420.0,40793.0,6845.0,3237.0,46778.0,6815.0,17096.0,6963.0,3089.0,48994.0,198446.0,199496.0,10095.0,9044.0
2010-09-21,202868.0,34850.0,109342.0,39903.0,7751.0,3490.0,44583.0,6451.0,13771.0,5279.0,2518.0,49880.0,191755.0,193202.0,11113.0,9666.0
2010-09-28,206768.0,35794.0,109622.0,39849.0,7479.0,3690.0,43529.0,6846.0,14862.0,5676.0,2627.0,51515.0,194915.0,196641.0,11853.0,10127.0
2010-10-05,194718.0,37001.0,102902.0,39891.0,6876.0,3646.0,36210.0,7768.0,14227.0,5129.0,1720.0,49307.0,185410.0,186446.0,9308.0,8272.0
2010-10-12,198452.0,38763.0,105122.0,39363.0,6342.0,4535.0,36403.0,7450.0,14923.0,5635.0,2458.0,48577.0,188199.0,189408.0,10253.0,9044.0
2010-10-19,206558.0,39608.0,110976.0,39977.0,7470.0,5627.0,40492.0,6428.0,15928.0,5638.0,2330.0,49487.0,196757.0,198246.0,9801.0,8312.0
2010-10-26,225783.0,42646.0,119672.0,40431.0,7851.0,6451.0,45599.0,6646.0,18164.0,6533.0,3116.0,55964.0,215786.0,217863.0,9997.0,7920.0
2010-11-02,222883.0,41739.0,120402.0,40748.0,7794.0,7531.0,45428.0,5521.0,17056.0,5802.0,2715.0,54344.0,212648.0,215363.0,10235.0,7520.0
2010-11-09,237617.0,46429.0,126361.0,41478.0,8265.0,10189.0,44356.0,4687.0,17556.0,7094.0,2878.0,62303.0,229404.0,232238.0,8212.0,5379.0
2010-11-16,180253.0,38362.0,109543.0,41068.0,6478.0,6774.0,37109.0,4260.0,13836.0,4416.0,2581.0,32367.0,173932.0,175839.0,6321.0,4413.0
2010-11-23,180798.0,37100.0,108273.0,41885.0,7777.0,6215.0,37574.0,4157.0,11301.0,4655.0,2883.0,34308.0,173037.0,174912.0,7761.0,5886.0
2010-11-30,175803.0,35984.0,104893.0,41321.0,7634.0,6203.0,36118.0,4307.0,10767.0,4220.0,2678.0,33754.0,168365.0,170236.0,7438.0,5567.0
2010-12-07,180501.0,36525.0,108740.0,40693.0,7683.0,6271.0,37692.0,3002.0,11208.0,4537.0,2754.0,34949.0,171875.0,174608.0,8626.0,5893.0
2010-12-14,185357.0,37161.0,111610.0,40952.0,7828.0,6779.0,39170.0,3198.0,11296.0,5045.0,2808.0,35504.0,175906.0,179023.0,9451.0,6335.0
2010-12-21,202098.0,41180.0,117268.0,41311.0,8045.0,7477.0,39334.0,2719.0,13665.0,5780.0,2747.0,43479.0,192225.0,195400.0,9872.0,6698.0
2010-12-28,206312.0,42198.0,118900.0,41710.0,8144.0,7676.0,38812.0,2630.0,14764.0,5959.0,2276.0,46037.0,197159.0,200429.0,9152.0,5883.0
2011-01-04,205615.0,41834.0,118011.0,41705.0,7949.0,7666.0,39289.0,2927.0,14254.0,5354.0,2182.0,45730.0,195831.0,198720.0,9784.0,6895.0
2011-01-11,203246.0,43495.0,114999.0,35844.0,8764.0,7658.0,41455.0,2723.0,13592.0,5389.0,2557.0,45665.0,193097.0,195958.0,10149.0,7288.0
2011-01-18,205365.0,51924.0,117978.0,32293.0,8964.0,7373.0,39303.0,2343.0,12127.0,5394.0,2902.0,45889.0,194302.0,197576.0,11063.0,7790.0
2011-01-25,203504.0,54954.0,115684.0,32217.0,8644.0,7644.0,34383.0,2832.0,13529.0,5506.0,2543.0,45810.0,194042.0,196685.0,9462.0,6819.0
2011-02-01,220330.0,56188.0,124153.0,32558.0,7935.0,9003.0,39446.0,3093.0,15605.0,5870.0,2804.0,52985.0,211655.0,215577.0,8675.0,4753.0
2011-02-08,227003.0,59386.0,124695.0,32603.0,8875.0,10827.0,37749.0,3185.0,17433.0,5463.0,2551.0,52039.0,215500.0,219605.0,11503.0,7398.0
2011-02-15,178996.0,44100.0,113288.0,33769.0,7588.0,7106.0,39484.0,3473.0,8695.0,5203.0,1836.0,30864.0,169221.0,172849.0,9776.0,6147.0
2011-02-22,184523.0,43854.0,111495.0,34073.0,9044.0,7004.0,39598.0,3759.0,9515.0,5523.0,2204.0,36245.0,175813.0,179267.0,8711.0,5256.0
2011-03-01,179023.0,41331.0,102910.0,33821.0,8944.0,7353.0,35482.0,3745.0,9427.0,4616.0,3214.0,38216.0,170246.0,173809.0,8778.0,5214.0
2011-03-08,194354.0,45698.0,109582.0,34000.0,9064.0,7932.0,37865.0,4293.0,10013.0,4825.0,3463.0,43012.0,183345.0,187359.0,11010.0,6996.0
2011-03-15,182386.0,46306.0,100828.0,33473.0,8948.0,8140.0,30779.0,4533.0,10340.0,3314.0,2434.0,39381.0,171733.0,174604.0,10652.0,7781.0
2011-03-22,183547.0,44722.0,100783.0,33916.0,9220.0,7989.0,31181.0,3834.0,10793.0,3354.0,2585.0,41578.0,173534.0,176781.0,10013.0,6766.0
2011-03-29,183884.0,45123.0,98120.0,34330.0,8958.0,8298.0,28996.0,4160.0,10861.0,2642.0,2759.0,44263.0,174511.0,177419.0,9372.0,6465.0
2011-04-05,191684.0,47702.0,100376.0,33760.0,9402.0,9178.0,32030.0,4078.0,12218.0,1210.0,3317.0,47801.0,183899.0,186371.0,7785.0,5313.0
2011-04-12,170392.0,43536.0,99471.0,33414.0,9261.0,9438.0,33653.0,2963.0,7286.0,1804.0,3121.0,32676.0,161805.0,164215.0,8588.0,6177.0
2011-04-19,172023.0,39964.0,102085.0,32804.0,9462.0,7706.0,38932.0,2545.0,6124.0,2143.0,3237.0,35509.0,163182.0,166667.0,8841.0,5355.0
2011-04-26,173862.0,38135.0,101757.0,32713.0,8688.0,8474.0,40082.0,3328.0,6544.0,2178.0,3553.0,36548.0,164674.0,168892.0,9188.0,4970.0
2011-05-03,183066.0,39272.0,102501.0,33384.0,8997.0,8262.0,40886.0,4986.0,8321.0,2454.0,3719.0,40438.0,173019.0,177224.0,10047.0,5842.0
2011-05-10,176666.0,39244.0,95157.0,33809.0,8629.0,7851.0,36478.0,6649.0,8520.0,1610.0,3576.0,39930.0,167443.0,170312.0,9223.0,6354.0
2011-05-17,170435.0,43814.0,88523.0,33172.0,8356.0,7812.0,28312.0,7774.0,8931.0,1162.0,3915.0,39552.0,162754.0,164862.0,7681.0,5572.0
2011-05-24,175594.0,46925.0,85867.0,33139.0,8049.0,8043.0,24823.0,9540.0,11082.0,851.0,3329.0,41436.0,166300.0,167347.0,9294.0,8247.0
2011-05-31,174422.0,42254.0,82191.0,32595.0,8699.0,10409.0,24887.0,8772.0,11866.0,1408.0,3205.0,41854.0,165273.0,166994.0,9148.0,7427.0
2011-06-07,176030.0,47217.0,82431.0,31869.0,8626.0,9696.0,23420.0,10486.0,10659.0,1633.0,3331.0,43239.0,167733.0,168468.0,8297.0,7562.0
2011-06-14,151164.0,40364.0,77617.0,31710.0,8446.0,7847.0,23474.0,8569.0,8554.0,1005.0,3425.0,30805.0,143759.0,145263.0,7405.0,5901.0
2011-06-21,160580.0,48400.0,72432.0,30960.0,8878.0,9375.0,18837.0,13678.0,9471.0,680.0,3154.0,35330.0,153053.0,152319.0,7526.0,8261.0
2011-06-28,161074.0,48019.0,71940.0,30712.0,8958.0,10392.0,18349.0,13471.0,8097.0,1200.0,3329.0,37378.0,154148.0,153566.0,6927.0,7508.0
2011-07-05,163194.0,45757.0,76272.0,31410.0,8430.0,11163.0,20175.0,10888.0,7165.0,900.0,3029.0,38851.0,155422.0,155798.0,7772.0,7396.0
2011-07-12,160645.0,46216.0,75049.0,31193.0,8681.0,10193.0,20092.0,12586.0,7715.0,648.0,2734.0,37186.0,153243.0,154144.0,7402.0,6501.0
2011-07-19,166801.0,50130.0,73224.0,30734.0,9095.0,10564.0,18338.0,16897.0,7863.0,1118.0,2612.0,39935.0,158682.0,160190.0,8119.0,6611.0
2011-07-26,168512.0,50175.0,68957.0,30370.0,9353.0,8453.0,17450.0,18383.0,10177.0,1111.0,2820.0,42764.0,160499.0,160908.0,8013.0,7604.0
2011-08-02,174859.0,52951.0,70336.0,30491.0,9370.0,9565.0,18395.0,20296.0,9543.0,1263.0,3039.0,44535.0,166743.0,166685.0,8116.0,8174.0
2011-08-09,176344.0,55204.0,69527.0,29183.0,10391.0,9615.0,18191.0,20479.0,8480.0,1769.0,3187.0,45595.0,168038.0,167273.0,8306.0,9071.0
2011-08-16,154795.0,46950.0,67697.0,29738.0,10059.0,7306.0,20050.0,16442.0,6602.0,1467.0,4673.0,34049.0,146162.0,146827.0,8633.0,7967.0
2011-08-23,160223.0,43131.0,71417.0,30602.0,11187.0,6659.0,23409.0,12164.0,8776.0,925.0,4869.0,39148.0,152650.0,154221.0,7573.0,6003.0
2011-08-30,173288.0,42913.0,79334.0,29937.0,11183.0,7341.0,27532.0,7881.0,12292.0,672.0,4988.0,45181.0,165869.0,168200.0,7419.0,5087.0
2011-09-06,180157.0,43010.0,84771.0,30403.0,10796.0,7428.0,32430.0,8216.0,13379.0,912.0,4844.0,44724.0,172286.0,174158.0,7871.0,5999.0
2011-09-13,175913.0,43562.0,83718.0,31101.0,11839.0,7445.0,31433.0,8156.0,13100.0,676.0,5161.0,41171.0,168487.0,170590.0,7426.0,5322.0
2011-09-20,177673.0,46170.0,82391.0,30927.0,11632.0,7480.0,28792.0,9512.0,13031.0,816.0,4734.0,43991.0,171207.0,172770.0,6466.0,4903.0
2011-09-27,189170.0,54518.0,78381.0,30258.0,10598.0,8483.0,20751.0,12723.0,18380.0,984.0,4645.0,50371.0,183746.0,183581.0,5424.0,5589.0
2011-10-04,195733.0,54140.0,77088.0,29230.0,8281.0,9572.0,18453.0,11524.0,25286.0,1082.0,5362.0,52778.0,190541.0,189891.0,5191.0,5841.0
2011-10-11,197371.0,53722.0,72800.0,28972.0,7844.0,10036.0,17828.0,13869.0,25799.0,1217.0,6469.0,53857.0,191431.0,190674.0,5940.0,6696.0
2011-10-18,186240.0,56049.0,77111.0,28494.0,7481.0,10038.0,18462.0,13033.0,16715.0,1278.0,5756.0,48158.0,179194.0,178292.0,7046.0,7948.0
2011-10-25,188901.0,55107.0,82353.0,27958.0,7839.0,10597.0,20408.0,9640.0,19368.0,1528.0,5218.0,47753.0,182719.0,182770.0,6182.0,6131.0
2011-11-01,189177.0,55457.0,78626.0,28220.0,7661.0,11390.0,18258.0,11187.0,21964.0,1209.0,5325.0,45776.0,182274.0,181929.0,6903.0,7248.0
2011-11-08,177744.0,52445.0,72607.0,27939.0,8226.0,11394.0,18341.0,12089.0,17187.0,1193.0,4640.0,38108.0,166607.0,164250.0,11137.0,13495.0
2011-11-15,142985.0,40350.0,68733.0,28645.0,6035.0,7791.0,19816.0,10148.0,11034.0,1799.0,3941.0,27829.0,137264.0,135512.0,5720.0,7472.0
2011-11-22,134383.0,35274.0,64923.0,28749.0,6022.0,7412.0,20871.0,9375.0,8920.0,999.0,4207.0,27742.0,129967.0,128602.0,4416.0,5782.0
2011-11-29,138240.0,35816.0,64754.0,28076.0,5549.0,7870.0,22479.0,10790.0,9027.0,789.0,4491.0,28510.0,132567.0,130991.0,5673.0,7249.0
2011-12-06,140274.0,32549.0,64201.0,27618.0,5876.0,7748.0,25194.0,11037.0,10664.0,1086.0,4287.0,29323.0,134181.0,133134.0,6093.0,7140.0
2011-12-13,140236.0,35766.0,58248.0,27534.0,5726.0,8123.0,21705.0,15984.0,10940.0,1018.0,4403.0,28771.0,133856.0,132196.0,6379.0,8040.0
2011-12-20,142015.0,36954.0,55814.0,27218.0,5794.0,9180.0,20238.0,17284.0,11550.0,1118.0,3974.0,30052.0,136309.0,133648.0,5706.0,8367.0
2011-12-27,143559.0,37993.0,56157.0,25976.0,6020.0,9672.0,20576.0,17671.0,12048.0,1162.0,3983.0,30077.0,137504.0,135629.0,6055.0,7930.0
2012-01-03,145784.0,37827.0,57496.0,25264.0,7041.0,9487.0,22071.0,15862.0,12619.0,1191.0,3866.0,30875.0,139334.0,137246.0,6450.0,8538.0
2012-01-10,156954.0,40621.0,60691.0,25441.0,6879.0,10928.0,25336.0,18678.0,14066.0,1193.0,4462.0,33215.0,150800.0,148920.0,6154.0,8034.0
2012-01-17,157559.0,38842.0,65111.0,25715.0,6642.0,10923.0,26327.0,14133.0,14579.0,1624.0,5257.0,32297.0,150307.0,148942.0,7252.0,8617.0
2012-01-24,163122.0,44256.0,68363.0,25928.0,6499.0,9932.0,25729.0,17961.0,14622.0,2020.0,3855.0,33435.0,155923.0,154667.0,7199.0,8455.0
2012-01-31,173674.0,47555.0,68738.0,25510.0,6518.0,10377.0,25905.0,20575.0,17116.0,2637.0,4461.0,36392.0,165492.0,164178.0,8182.0,9497.0
2012-02-07,188834.0,50622.0,75307.0,26521.0,6804.0,11013.0,29990.0,22771.0,19262.0,2937.0,4272.0,40167.0,180512.0,179594.0,8322.0,9240.0
2012-02-14,166735.0,50362.0,68515.0,27154.0,6538.0,9278.0,26203.0,25103.0,15852.0,2699.0,5190.0,27940.0,159488.0,158416.0,7248.0,8320.0
2012-02-21,169846.0,49709.0,66459.0,27053.0,6234.0,9782.0,26521.0,28905.0,16854.0,2780.0,4061.0,29556.0,162255.0,161851.0,7591.0,7995.0
2012-02-28,181316.0,50354.0,67819.0,27306.0,5659.0,10545.0,28456.0,30878.0,18373.0,3113.0,4340.0,34388.0,172536.0,172002.0,8780.0,9315.0
2012-03-06,192783.0,54320.0,69099.0,27226.0,5972.0,10800.0,27588.0,32029.0,21157.0,3801.0,4845.0,39005.0,183896.0,182907.0,8887.0,9876.0
2012-03-13,206471.0,60202.0,72212.0,27174.0,5878.0,10880.0,26078.0,34462.0,24525.0,3923.0,4258.0,44498.0,197280.0,196712.0,9191.0,9759.0
2012-03-20,220422.0,64925.0,75840.0,27959.0,5665.0,11796.0,26597.0,37758.0,26999.0,4407.0,3466.0,48638.0,211322.0,210164.0,9099.0,10258.0
2012-03-27,224024.0,66385.0,79248.0,28180.0,5640.0,12429.0,27160.0,37124.0,26291.0,4452.0,3042.0,50617.0,215514.0,214391.0,8510.0,9633.0
2012-04-03,229551.0,66909.0,81197.0,27956.0,5691.0,13947.0,27427.0,35736.0,27786.0,4009.0,2797.0,53082.0,221117.0,220237.0,8435.0,9314.0
2012-04-10,232974.0,69309.0,83261.0,28219.0,5778.0,14111.0,28529.0,37598.0,25859.0,3877.0,2666.0,55306.0,225211.0,224580.0,7764.0,8394.0
2012-04-17,206422.0,63441.0,75832.0,29534.0,4905.0,10060.0,23244.0,38030.0,20969.0,5677.0,2713.0,46348.0,199274.0,198857.0,7148.0,7564.0
2012-04-24,209539.0,61646.0,75700.0,29278.0,6078.0,11686.0,25582.0,37646.0,20610.0,6007.0,2650.0,47461.0,202270.0,201832.0,7269.0,7707.0
2012-05-01,210953.0,60924.0,74043.0,28788.0,7197.0,11701.0,25735.0,37105.0,20326.0,5794.0,2697.0,50061.0,203329.0,203131.0,7624.0,7823.0
2012-05-08,219299.0,62464.0,73278.0,29149.0,7128.0,12927.0,24577.0,38198.0,23391.0,6122.0,2944.0,54243.0,212874.0,212109.0,6424.0,7190.0
2012-05-15,216497.0,60814.0,75467.0,29267.0,6876.0,12780.0,24708.0,35237.0,22352.0,5904.0,2837.0,54019.0,209843.0,209567.0,6653.0,6930.0
2012-05-22,222621.0,61992.0,76752.0,28781.0,6809.0,13293.0,24996.0,34866.0,25201.0,6327.0,2810.0,54997.0,215587.0,214730.0,7033.0,7891.0
2012-05-29,229971.0,65001.0,75575.0,28566.0,6878.0,13008.0,23518.0,35693.0,28074.0,5500.0,3153.0,58515.0,222182.0,220895.0,7789.0,9076.0
2012-06-05,246042.0,67112.0,76825.0,28399.0,6898.0,16046.0,22946.0,35769.0,33927.0,5394.0,3392.0,64368.0,238192.0,237224.0,7850.0,8818.0
2012-06-12,216169.0,65900.0,74891.0,28076.0,6509.0,12797.0,23234.0,36625.0,21963.0,5176.0,3705.0,51219.0,208364.0,207708.0,7805.0,8461.0
2012-06-19,211018.0,61147.0,71324.0,28702.0,6711.0,11745.0,23954.0,36059.0,18761.0,5007.0,4206.0,53625.0,202940.0,202430.0,8078.0,8588.0
2012-06-26,213750.0,60507.0,72883.0,29400.0,5549.0,12093.0,23800.0,35667.0,18813.0,4903.0,3819.0,56188.0,205704.0,205012.0,8047.0,8739.0
2012-07-03,221165.0,61426.0,78868.0,30280.0,5310.0,12841.0,23585.0,30742.0,19647.0,4445.0,3515.0,63028.0,215251.0,213950.0,5914.0,7215.0
2012-07-10,226753.0,62532.0,83701.0,29897.0,5727.0,13989.0,23353.0,25620.0,20587.0,4270.0,3483.0,68323.0,222950.0,221429.0,3803.0,5324.0
2012-07-17,224364.0,60651.0,84821.0,29634.0,5798.0,12202.0,24437.0,23778.0,21649.0,3972.0,3172.0,64042.0,216588.0,215461.0,7776.0,8902.0
2012-07-24,218190.0,60463.0,84003.0,29371.0,6099.0,10287.0,23188.0,23021.0,20316.0,3955.0,3002.0,62420.0,210001.0,209150.0,8188.0,9039.0
2012-07-31,219319.0,61570.0,83922.0,29622.0,6887.0,9880.0,22734.0,22888.0,21024.0,4338.0,3342.0,62426.0,211595.0,210368.0,7725.0,8951.0
2012-08-07,219674.0,60453.0,82532.0,30083.0,6696.0,8888.0,23894.0,24779.0,21736.0,4398.0,3659.0,62804.0,212256.0,211095.0,7418.0,8579.0
2012-08-14,190188.0,57827.0,73278.0,30261.0,6218.0,7319.0,23840.0,31211.0,14458.0,4626.0,4031.0,44629.0,182959.0,181142.0,7229.0,9046.0
2012-08-21,191063.0,57850.0,68942.0,31462.0,5857.0,6502.0,23941.0,38724.0,13730.0,5223.0,4219.0,44280.0,182988.0,182253.0,8075.0,8809.0
2012-08-28,194236.0,57678.0,67650.0,31899.0,5550.0,7134.0,24439.0,41305.0,14630.0,5433.0,4486.0,45058.0,186270.0,185811.0,7966.0,8424.0
2012-09-04,197070.0,57667.0,66291.0,32427.0,5336.0,7181.0,24023.0,43650.0,15459.0,5994.0,4781.0,45482.0,188234.0,188180.0,8836.0,8890.0
2012-09-11,208800.0,58862.0,70314.0,33130.0,4875.0,8676.0,24905.0,42246.0,18613.0,5707.0,5293.0,50074.0,199966.0,200089.0,8834.0,8710.0
2012-09-18,198950.0,53481.0,74717.0,33626.0,4823.0,8389.0,24640.0,33025.0,18115.0,5445.0,4632.0,46803.0,190500.0,190504.0,8450.0,8445.0
2012-09-25,200355.0,54597.0,76073.0,33477.0,4651.0,7181.0,22613.0,31114.0,20428.0,5408.0,4646.0,47501.0,191204.0,191594.0,9151.0,8761.0
2012-10-02,208816.0,54909.0,82973.0,33644.0,4834.0,9944.0,24616.0,25994.0,22098.0,5176.0,4826.0,51830.0,202217.0,202500.0,6599.0,6316.0
2012-10-09,204542.0,52318.0,77683.0,32461.0,4502.0,10433.0,22313.0,27379.0,22155.0,5102.0,3842.0,50527.0,195309.0,196521.0,9234.0,8022.0
2012-10-16,211782.0,52191.0,70910.0,32426.0,4495.0,10272.0,23167.0,36263.0,26149.0,5908.0,3765.0,50824.0,200936.0,202678.0,10846.0,9104.0
2012-10-23,214830.0,51354.0,67316.0,33033.0,4503.0,9979.0,22494.0,38554.0,28645.0,6468.0,4236.0,51746.0,203718.0,204978.0,11111.0,9851.0
2012-10-30,216656.0,50205.0,64567.0,33396.0,4342.0,10744.0,21846.0,39706.0,30050.0,6029.0,4269.0,52700.0,204969.0,206379.0,11687.0,10277.0
2012-11-06,223141.0,55190.0,63558.0,33317.0,4361.0,11019.0,20749.0,44747.0,30427.0,6654.0,4574.0,53625.0,210981.0,212311.0,12160.0,10830.0
2012-11-13,190339.0,49098.0,58014.0,34926.0,2645.0,4742.0,23373.0,50003.0,20536.0,7229.0,4727.0,38972.0,178874.0,179639.0,11464.0,10699.0
2012-11-20,186618.0,47395.0,56902.0,34994.0,2351.0,5003.0,25186.0,52107.0,20088.0,8101.0,4261.0,36993.0,177761.0,177705.0,8857.0,8913.0
2012-11-27,190610.0,47103.0,57830.0,34718.0,2375.0,5317.0,25440.0,51356.0,21491.0,8322.0,4315.0,38691.0,181082.0,181374.0,9528.0,9235.0
2012-12-04,197150.0,45196.0,57759.0,34906.0,2223.0,5445.0,25736.0,52029.0,23550.0,9671.0,4424.0,41400.0,185903.0,186828.0,11247.0,10321.0
2012-12-11,199707.0,43935.0,60233.0,37093.0,2289.0,5545.0,26904.0,50843.0,23607.0,9703.0,4462.0,43281.0,190068.0,190260.0,9639.0,9447.0
2012-12-18,203862.0,45767.0,60559.0,35743.0,1965.0,5868.0,26418.0,52555.0,25389.0,9800.0,4769.0,42368.0,191352.0,193472.0,12509.0,10389.0
2012-12-24,200942.0,45551.0,61136.0,35882.0,1924.0,6082.0,27826.0,50902.0,24653.0,8197.0,6687.0,42828.0,191020.0,194212.0,9922.0,6730.0
2012-12-31,206930.0,46331.0,61895.0,36488.0,1798.0,6239.0,29044.0,52197.0,25757.0,7506.0,4567.0,44686.0,196050.0,197139.0,10879.0,9791.0
2013-01-08,213452.0,46094.0,65907.0,38505.0,1664.0,7940.0,30551.0,52872.0,24576.0,7953.0,4616.0,47043.0,202662.0,204618.0,10790.0,8833.0
2013-01-15,210084.0,39422.0,74012.0,44233.0,2152.0,7807.0,32931.0,45093.0,23398.0,7621.0,4537.0,43877.0,199288.0,200877.0,10796.0,9207.0
2013-01-22,214291.0,39737.0,75860.0,45461.0,1984.0,9306.0,32244.0,43450.0,24394.0,7576.0,4581.0,44196.0,202914.0,203769.0,11377.0,10521.0
2013-01-29,215736.0,41389.0,77147.0,45193.0,2122.0,9542.0,31193.0,41709.0,26804.0,6795.0,4684.0,43967.0,204884.0,205975.0,10853.0,9761.0
2013-02-05,225635.0,45478.0,75733.0,45821.0,2310.0,10575.0,30499.0,47338.0,30485.0,7013.0,5230.0,44599.0,214469.0,216270.0,11166.0,9365.0
2013-02-12,199449.0,47006.0,68505.0,45315.0,2318.0,7654.0,31599.0,55313.0,21315.0,6452.0,6106.0,28754.0,188094.0,189965.0,11355.0,9484.0
2013-02-19,203804.0,47314.0,65873.0,45156.0,2179.0,6688.0,31460.0,59914.0,22521.0,8773.0,6576.0,30657.0,192570.0,194408.0,11234.0,9396.0
2013-02-26,208349.0,47257.0,70382.0,44941.0,2404.0,5818.0,36137.0,59240.0,22656.0,8341.0,5888.0,32579.0,197729.0,198966.0,10620.0,9383.0
2013-03-05,214862.0,48370.0,71426.0,44363.0,1981.0,6981.0,35937.0,60608.0,23978.0,9301.0,5938.0,34442.0,203371.0,205353.0,11491.0,9508.0
2013-03-12,212136.0,48941.0,72150.0,44684.0,2019.0,6891.0,34965.0,58529.0,23777.0,8313.0,6026.0,33716.0,201286.0,203108.0,10849.0,9027.0
2013-03-19,226045.0,53704.0,71586.0,45335.0,1961.0,7320.0,35483.0,65645.0,25415.0,9883.0,6335.0,36916.0,214057.0,215179.0,11988.0,10866.0
2013-03-26,227610.0,53914.0,72703.0,45066.0,1023.0,8286.0,35367.0,64136.0,26126.0,9436.0,7028.0,39216.0,217411.0,218518.0,10199.0,9092.0
2013-04-02,228724.0,54603.0,73868.0,44997.0,1096.0,8766.0,35429.0,62278.0,26725.0,9320.0,5844.0,40180.0,220020.0,218757.0,8704.0,9967.0
2013-04-09,227676.0,54663.0,76982.0,44925.0,1824.0,7285.0,35741.0,59298.0,28463.0,7487.0,5004.0,40216.0,218780.0,219071.0,8896.0,8605.0
2013-04-16,207245.0,52974.0,74049.0,46151.0,2096.0,5732.0,35982.0,60316.0,19920.0,6705.0,5154.0,31158.0,198622.0,198425.0,8623.0,8820.0
2013-04-23,203748.0,47881.0,77448.0,46307.0,2586.0,6538.0,34353.0,50959.0,20168.0,7168.0,5331.0,32896.0,195311.0,195925.0,8437.0,7823.0
2013-04-30,213390.0,49430.0,75932.0,46941.0,2617.0,6999.0,35647.0,55301.0,22073.0,7620.0,5929.0,35537.0,204247.0,204389.0,9143.0,9001.0
2013-05-07,210495.0,46050.0,81297.0,45697.0,2565.0,7783.0,34851.0,43132.0,22130.0,6737.0,6155.0,37963.0,201211.0,201025.0,9284.0,9470.0
2013-05-14,209101.0,45632.0,90607.0,45331.0,2851.0,7663.0,34867.0,35039.0,20969.0,6992.0,5243.0,38368.0,199822.0,200740.0,9279.0,8361.0
2013-05-21,214133.0,49144.0,84074.0,46864.0,2513.0,7292.0,31921.0,43616.0,21950.0,8343.0,5924.0,39566.0,205079.0,204934.0,9054.0,9199.0
2013-05-28,235122.0,57073.0,82740.0,46608.0,2618.0,8217.0,33714.0,54705.0,24878.0,8970.0,7250.0,43975.0,223436.0,224384.0,11686.0,10738.0
2013-06-04,241452.0,59403.0,82410.0,45873.0,2630.0,9041.0,36753.0,59595.0,21818.0,9379.0,7452.0,47133.0,229400.0,230078.0,12052.0,11374.0
2013-06-11,235597.0,58473.0,83396.0,46960.0,1815.0,9056.0,35764.0,60100.0,17984.0,10895.0,7693.0,43552.0,222684.0,223596.0,12913.0,12001.0
2013-06-18,199382.0,51261.0,72002.0,46154.0,1921.0,5529.0,32725.0,60038.0,11314.0,9266.0,6625.0,32206.0,188455.0,189635.0,10928.0,9747.0
2013-06-25,192846.0,44278.0,64969.0,45729.0,1846.0,5249.0,33181.0,60741.0,11321.0,9490.0,5812.0,34325.0,183572.0,184263.0,9274.0,8584.0
2013-07-02,192260.0,43662.0,68812.0,45677.0,1694.0,5217.0,32063.0,57936.0,10712.0,9582.0,3290.0,35954.0,182867.0,183615.0,9393.0,8645.0
2013-07-09,194359.0,44461.0,69536.0,46281.0,1760.0,4655.0,31156.0,58004.0,10550.0,9884.0,3622.0,37479.0,184465.0,185607.0,9894.0,8753.0
2013-07-16,193743.0,44569.0,73987.0,46174.0,1763.0,4926.0,32246.0,53706.0,11221.0,8577.0,3760.0,36183.0,183895.0,185547.0,9848.0,8196.0
2013-07-23,197880.0,43738.0,79875.0,46593.0,1986.0,5454.0,30846.0,45699.0,13939.0,8000.0,3734.0,39376.0,187946.0,190063.0,9934.0,7817.0
2013-07-30,198543.0,44520.0,80788.0,45605.0,1968.0,5109.0,32071.0,46064.0,12991.0,8621.0,4053.0,39539.0,188456.0,190512.0,10087.0,8031.0
2013-08-06,206691.0,48946.0,78049.0,45755.0,1967.0,5563.0,31914.0,52516.0,13095.0,8274.0,4047.0,41942.0,195490.0,197179.0,11202.0,9512.0
2013-08-13,179090.0,42816.0,74341.0,45656.0,1916.0,3090.0,31523.0,48897.0,10160.0,7119.0,3622.0,27752.0,168117.0,169779.0,10972.0,9311.0
2013-08-20,171088.0,34285.0,66845.0,45853.0,1825.0,3221.0,31322.0,49401.0,10384.0,7596.0,3650.0,27212.0,159874.0,162538.0,11213.0,8550.0
2013-08-27,176676.0,35355.0,64150.0,46420.0,1905.0,3798.0,31688.0,54694.0,10905.0,7993.0,4101.0,28950.0,165108.0,168503.0,11567.0,8173.0
2013-09-03,181707.0,37010.0,65599.0,46184.0,2116.0,3592.0,31832.0,54549.0,11994.0,7931.0,4312.0,30822.0,169365.0,172984.0,12341.0,8723.0
2013-09-10,184785.0,37999.0,66158.0,46659.0,1879.0,3461.0,33729.0,57485.0,12216.0,8156.0,4279.0,29585.0,171803.0,175063.0,12981.0,9722.0
2013-09-17,187231.0,38131.0,65789.0,47348.0,1922.0,3077.0,33562.0,58762.0,12772.0,8453.0,4366.0,30754.0,174097.0,177441.0,13134.0,9789.0
2013-09-24,186784.0,37216.0,66312.0,47399.0,1907.0,3460.0,33215.0,56165.0,14211.0,7785.0,4109.0,31227.0,174513.0,177390.0,12272.0,9394.0
2013-10-01,190244.0,38091.0,67501.0,47299.0,1893.0,3437.0,33605.0,56745.0,14696.0,7784.0,4252.0,32217.0,177128.0,180741.0,13115.0,9503.0
2013-10-08,191209.0,38392.0,69210.0,47343.0,1858.0,3454.0,33821.0,55789.0,14910.0,7951.0,4299.0,32658.0,178530.0,182178.0,12680.0,9031.0
2013-10-15,189567.0,37735.0,73194.0,47136.0,2030.0,3416.0,33319.0,50403.0,14517.0,7573.0,4156.0,33043.0,176740.0,180759.0,12827.0,8807.0
2013-10-22,197397.0,41472.0,72625.0,46649.0,1734.0,3954.0,33399.0,55878.0,15609.0,8722.0,4481.0,34794.0,184600.0,189076.0,12797.0,8321.0
2013-10-29,210700.0,48708.0,74249.0,46555.0,1609.0,4353.0,34048.0,60348.0,18051.0,8850.0,5731.0,36700.0,197266.0,201042.0,13435.0,9659.0
2013-11-05,216909.0,50790.0,74513.0,46117.0,1557.0,4942.0,35338.0,63627.0,16807.0,9100.0,7406.0,38845.0,201938.0,207697.0,14972.0,9213.0
2013-11-12,189628.0,45635.0,70756.0,45957.0,1683.0,2840.0,36575.0,62898.0,13061.0,8322.0,5696.0,25525.0,177916.0,182459.0,11713.0,7169.0
2013-11-19,179636.0,41047.0,68057.0,44916.0,1934.0,3089.0,37072.0,60008.0,11509.0,8785.0,4850.0,23701.0,170119.0,173148.0,9517.0,6487.0
2013-11-26,177347.0,40949.0,69710.0,44875.0,2075.0,3122.0,35494.0,57010.0,12007.0,8815.0,3993.0,23761.0,169022.0,171677.0,8325.0,5670.0
2013-12-03,175675.0,38523.0,66577.0,44411.0,4416.0,3303.0,35779.0,55227.0,12004.0,8860.0,3520.0,24767.0,167646.0,169814.0,8029.0,5862.0
2013-12-10,181744.0,41608.0,66885.0,43549.0,4357.0,3780.0,36428.0,56624.0,13155.0,8983.0,4034.0,26029.0,173532.0,174864.0,8212.0,6881.0
2013-12-17,177934.0,40011.0,72152.0,42721.0,4416.0,3694.0,35155.0,46800.0,13024.0,8272.0,4563.0,26451.0,169328.0,171100.0,8606.0,6834.0
2013-12-24,174453.0,38945.0,75095.0,42259.0,4496.0,3474.0,35178.0,42742.0,12891.0,8147.0,3569.0,24732.0,165627.0,166998.0,8827.0,7455.0
2013-12-31,173018.0,38672.0,74532.0,42239.0,4869.0,3506.0,34552.0,42969.0,12671.0,7425.0,2979.0,24933.0,163997.0,166458.0,9021.0,6560.0
2014-01-07,179199.0,39331.0,79710.0,42127.0,4837.0,3961.0,35673.0,38718.0,13908.0,7698.0,3469.0,26719.0,169416.0,171321.0,9782.0,7878.0
2014-01-14,181575.0,35734.0,83639.0,45429.0,4947.0,4542.0,36678.0,36972.0,11972.0,8605.0,3467.0,27441.0,170400.0,172980.0,11175.0,8596.0
2014-01-21,181118.0,35676.0,82095.0,45092.0,4713.0,5244.0,36259.0,39014.0,11960.0,8214.0,3121.0,26582.0,169029.0,172730.0,12089.0,8388.0
2014-01-28,187031.0,38438.0,82322.0,45295.0,4578.0,5836.0,37798.0,43252.0,13489.0,7696.0,3160.0,26111.0,174664.0,178748.0,12366.0,8283.0
2014-02-04,213973.0,40535.0,98475.0,46605.0,3998.0,8535.0,41181.0,33200.0,19923.0,7532.0,2571.0,38280.0,202590.0,204981.0,11383.0,8992.0
2014-02-11,225807.0,47741.0,114672.0,45167.0,4006.0,8895.0,39729.0,24001.0,22357.0,7901.0,1644.0,42219.0,214009.0,217793.0,11798.0,8014.0
2014-02-18,218648.0,48211.0,122056.0,44357.0,4709.0,7978.0,43608.0,19317.0,18160.0,8666.0,2020.0,36945.0,207925.0,211184.0,10723.0,7464.0
2014-02-25,229545.0,49010.0,123263.0,41986.0,5556.0,10023.0,40784.0,12918.0,19759.0,8665.0,1962.0,48394.0,218621.0,221876.0,10924.0,7669.0
2014-03-04,243239.0,57590.0,129922.0,39739.0,5680.0,11672.0,37668.0,9796.0,21792.0,8629.0,1851.0,56187.0,233277.0,236899.0,9962.0,6339.0
2014-03-11,261697.0,65635.0,137665.0,37288.0,7138.0,12050.0,40102.0,6521.0,23888.0,7514.0,3081.0,65392.0,251868.0,255734.0,9829.0,5964.0
2014-03-18,257983.0,58385.0,134318.0,35806.0,7944.0,12198.0,45299.0,5461.0,25404.0,7555.0,2827.0,63415.0,248062.0,251568.0,9921.0,6415.0
2014-03-25,259294.0,57107.0,133392.0,34912.0,7898.0,12978.0,48584.0,5168.0,26147.0,5695.0,4096.0,63958.0,249381.0,253638.0,9913.0,5655.0
2014-04-01,257760.0,57361.0,130138.0,34981.0,8013.0,13518.0,46017.0,6061.0,26696.0,6327.0,4051.0,64404.0,249303.0,252881.0,8456.0,4879.0
2014-04-08,265138.0,54663.0,126645.0,34912.0,7989.0,15027.0,43473.0,6081.0,29141.0,7432.0,4366.0,71912.0,256559.0,261160.0,8579.0,3978.0
2014-04-15,224476.0,51011.0,123244.0,34622.0,7812.0,11619.0,43329.0,5186.0,17305.0,6262.0,2930.0,50776.0,214923.0,218872.0,9553.0,5604.0
2014-04-22,228275.0,50537.0,122798.0,33310.0,8814.0,12142.0,43778.0,4915.0,18227.0,6735.0,3391.0,54527.0,219255.0,224814.0,9020.0,3461.0
2014-04-29,233320.0,51354.0,124099.0,33170.0,8914.0,13285.0,45701.0,4434.0,19550.0,6505.0,3134.0,56364.0,225931.0,229780.0,7390.0,3540.0
2014-05-06,231889.0,50044.0,122595.0,33171.0,9337.0,13092.0,45715.0,4164.0,19099.0,6393.0,3073.0,56841.0,224355.0,228201.0,7534.0,3689.0
2014-05-13,229561.0,52527.0,119655.0,33248.0,11020.0,13192.0,44772.0,5010.0,19033.0,5446.0,3310.0,54160.0,222378.0,225381.0,7183.0,4180.0
2014-05-20,234067.0,52722.0,120547.0,33072.0,11173.0,13439.0,46032.0,5144.0,21125.0,5693.0,3317.0,55077.0,227160.0,229822.0,6907.0,4245.0
2014-05-27,233983.0,53017.0,119417.0,33073.0,11252.0,13287.0,46210.0,6728.0,20916.0,5471.0,3377.0,54333.0,226307.0,229310.0,7676.0,4674.0
2014-06-03,235947.0,52396.0,116951.0,32179.0,11349.0,13694.0,46377.0,7568.0,22864.0,5023.0,3271.0,55358.0,227892.0,231055.0,8055.0,4892.0
2014-06-10,241136.0,55926.0,120256.0,32946.0,10915.0,15016.0,46651.0,7862.0,22694.0,4758.0,3205.0,55389.0,233380.0,235337.0,7756.0,5799.0
2014-06-17,209734.0,50726.0,116447.0,33805.0,10833.0,11542.0,46786.0,8439.0,15825.0,4732.0,2208.0,38920.0,202335.0,204213.0,7399.0,5521.0
2014-06-24,205384.0,46483.0,114432.0,33884.0,10051.0,11076.0,46735.0,7681.0,15954.0,4945.0,2160.0,39930.0,199007.0,201285.0,6377.0,4099.0
2014-07-01,208176.0,50505.0,117000.0,33664.0,10227.0,10229.0,46178.0,8418.0,16968.0,4886.0,2235.0,39816.0,202246.0,204893.0,5930.0,3283.0
2014-07-08,206546.0,49292.0,115201.0,33990.0,10269.0,10260.0,45077.0,8016.0,17503.0,5101.0,2320.0,38790.0,200013.0,202360.0,6532.0,4185.0
2014-07-15,211334.0,55151.0,114752.0,34431.0,9848.0,9750.0,42304.0,11188.0,20530.0,5085.0,2386.0,38295.0,205545.0,206749.0,5788.0,4585.0
2014-07-22,209850.0,53391.0,115222.0,34578.0,9871.0,9571.0,43153.0,10363.0,18953.0,5366.0,2384.0,38226.0,203239.0,204590.0,6612.0,5260.0
2014-07-29,215443.0,51352.0,118840.0,34617.0,10068.0,9816.0,45188.0,7343.0,19355.0,6279.0,2895.0,40872.0,207479.0,209188.0,7964.0,6255.0
2014-08-05,218759.0,50450.0,122491.0,33981.0,10010.0,9395.0,47901.0,5774.0,20194.0,5585.0,2636.0,43229.0,210735.0,213729.0,8024.0,5030.0
2014-08-12,194235.0,44951.0,116615.0,33781.0,9654.0,8763.0,48329.0,6913.0,13707.0,4959.0,2578.0,31560.0,186051.0,189790.0,8184.0,4445.0
2014-08-19,191328.0,44800.0,118497.0,34037.0,8721.0,8065.0,48438.0,6779.0,12058.0,6207.0,2638.0,29496.0,183102.0,186254.0,8226.0,5073.0
2014-08-26,190881.0,39271.0,114771.0,33475.0,8729.0,7849.0,49750.0,6660.0,13416.0,6723.0,3034.0,31992.0,182476.0,186452.0,8406.0,4430.0
2014-09-02,199112.0,40049.0,117044.0,34010.0,9731.0,7580.0,51235.0,6258.0,16082.0,7017.0,3188.0,34754.0,190726.0,194637.0,8386.0,4476.0
2014-09-09,200317.0,42742.0,117834.0,34810.0,10872.0,7580.0,52676.0,7901.0,13564.0,6577.0,3754.0,34684.0,192633.0,196189.0,7684.0,4129.0
2014-09-16,198002.0,47221.0,115501.0,35660.0,10714.0,7026.0,46762.0,9162.0,13436.0,6518.0,3336.0,35351.0,191974.0,194527.0,6028.0,3475.0
2014-09-23,196040.0,49114.0,111165.0,35644.0,11485.0,6965.0,44450.0,9641.0,12872.0,5704.0,3863.0,35294.0,190043.0,191285.0,5997.0,4756.0
2014-09-30,203895.0,50410.0,115584.0,34067.0,11754.0,8161.0,46324.0,7166.0,15175.0,5940.0,4180.0,37167.0,197244.0,199187.0,6651.0,4708.0
2014-10-07,226222.0,55933.0,124593.0,32291.0,12012.0,11041.0,49044.0,5360.0,20448.0,6558.0,4290.0,43515.0,218831.0,221260.0,7391.0,4963.0
2014-10-14,231761.0,55239.0,128009.0,31693.0,13311.0,11713.0,53177.0,3145.0,22471.0,6532.0,4743.0,43343.0,224167.0,226736.0,7594.0,5025.0
2014-10-21,229894.0,57340.0,130622.0,33043.0,13337.0,10839.0,51484.0,3718.0,20440.0,5863.0,2886.0,43607.0,222615.0,225448.0,7279.0,4446.0
2014-10-28,226771.0,57706.0,126796.0,34088.0,13322.0,11343.0,47721.0,4835.0,19641.0,4880.0,2493.0,45035.0,220414.0,223466.0,6357.0,3305.0
2014-11-04,220007.0,55231.0,120442.0,33192.0,12501.0,11490.0,45603.0,5816.0,18281.0,4859.0,2524.0,43463.0,212119.0,214518.0,7888.0,5489.0
2014-11-11,214150.0,55111.0,116995.0,32212.0,13424.0,11322.0,44029.0,6052.0,17387.0,5200.0,2300.0,40170.0,205431.0,207648.0,8719.0,6502.0
2014-11-18,184196.0,47466.0,114275.0,32880.0,12294.0,7715.0,45167.0,6010.0,11268.0,5872.0,1581.0,25766.0,176133.0,178909.0,8062.0,5287.0
2014-11-25,187178.0,47130.0,116922.0,30114.0,11372.0,7735.0,45144.0,4456.0,11956.0,9237.0,1681.0,27997.0,179312.0,182119.0,7865.0,5058.0
2014-12-02,189343.0,49849.0,115320.0,30679.0,11195.0,9785.0,44372.0,6740.0,11145.0,8227.0,1796.0,30519.0,184576.0,186499.0,4767.0,2844.0
2014-12-09,190730.0,53013.0,114137.0,34275.0,10671.0,7939.0,42478.0,8591.0,11248.0,4481.0,1875.0,29852.0,183288.0,184313.0,7443.0,6417.0
2014-12-16,187524.0,54011.0,112467.0,33999.0,10883.0,7661.0,40753.0,8472.0,11468.0,4448.0,2079.0,27528.0,179868.0,180558.0,7655.0,6966.0
2014-12-23,194640.0,59284.0,111522.0,34091.0,12670.0,8068.0,39345.0,10008.0,11672.0,3996.0,2685.0,30548.0,187003.0,187172.0,7637.0,7468.0
2014-12-30,198942.0,61181.0,109827.0,34437.0,12649.0,8642.0,38224.0,12839.0,12089.0,4144.0,3139.0,31892.0,190608.0,191076.0,8334.0,7865.0
2015-01-06,205889.0,61878.0,112173.0,34088.0,12689.0,8484.0,40716.0,13645.0,13240.0,4900.0,3905.0,34113.0,197419.0,198247.0,8470.0,7641.0
2015-01-13,209569.0,66462.0,112152.0,24784.0,12961.0,10069.0,40703.0,10610.0,16267.0,5600.0,2431.0,38119.0,202004.0,202608.0,7565.0,6960.0
2015-01-20,208676.0,69017.0,109539.0,23304.0,12720.0,10243.0,39042.0,12981.0,15007.0,5096.0,2599.0,38945.0,200655.0,202035.0,8021.0,6641.0
2015-01-27,216115.0,70657.0,105507.0,23855.0,12665.0,10585.0,37391.0,16746.0,16800.0,4826.0,3468.0,43282.0,207395.0,209053.0,8720.0,7061.0
2015-02-03,216010.0,71360.0,102889.0,23960.0,11506.0,11072.0,35879.0,19123.0,17112.0,4679.0,2888.0,43698.0,207760.0,208288.0,8250.0,7722.0
2015-02-10,222331.0,69342.0,104099.0,26697.0,12773.0,10988.0,38983.0,21042.0,17021.0,4644.0,3607.0,44257.0,211932.0,213787.0,10399.0,8544.0
2015-02-17,197258.0,67245.0,97578.0,24082.0,12065.0,7241.0,38891.0,22843.0,12159.0,4445.0,3339.0,34034.0,188097.0,189259.0,9160.0,7998.0
2015-02-24,205359.0,73829.0,96092.0,24441.0,12142.0,7670.0,36530.0,28363.0,14903.0,5116.0,3678.0,35209.0,197698.0,198056.0,7661.0,7303.0
2015-03-03,227895.0,83376.0,95997.0,24117.0,13293.0,7362.0,34982.0,36558.0,19417.0,7522.0,5451.0,42354.0,219130.0,220432.0,8765.0,7463.0
2015-03-10,237436.0,85273.0,95138.0,24290.0,13459.0,7440.0,36679.0,40957.0,22298.0,7454.0,5252.0,45596.0,229029.0,230139.0,8407.0,7298.0
2015-03-17,236170.0,88250.0,96119.0,23696.0,13688.0,7006.0,37053.0,42483.0,20788.0,7615.0,5561.0,43005.0,227413.0,228650.0,8757.0,7519.0
2015-03-24,238478.0,88627.0,96159.0,24359.0,13394.0,6532.0,35184.0,43583.0,23476.0,8460.0,4644.0,44095.0,230733.0,231882.0,7745.0,6595.0
2015-03-31,246483.0,91977.0,99483.0,24907.0,13249.0,8695.0,33777.0,43692.0,24280.0,8999.0,4576.0,46415.0,239050.0,240389.0,7433.0,6094.0
2015-04-07,239436.0,91906.0,105035.0,24602.0,13261.0,7393.0,33536.0,38149.0,25078.0,8728.0,4286.0,40911.0,232154.0,234113.0,7282.0,5323.0
2015-04-14,214777.0,88733.0,97100.0,24741.0,12829.0,6268.0,33001.0,41915.0,20486.0,8493.0,5166.0,26011.0,207733.0,209775.0,7044.0,5002.0
2015-04-21,204717.0,80325.0,94039.0,24598.0,12863.0,4968.0,35827.0,39857.0,19449.0,8211.0,4462.0,25509.0,198886.0,201146.0,5830.0,3571.0
2015-04-28,213780.0,78275.0,91446.0,24942.0,12275.0,7732.0,36401.0,41494.0,20273.0,8457.0,4359.0,29264.0,205345.0,206843.0,8435.0,6938.0
2015-05-05,219672.0,78220.0,90495.0,25858.0,11815.0,8399.0,34638.0,42407.0,22991.0,9058.0,4531.0,30978.0,210142.0,211616.0,9530.0,8056.0
2015-05-12,216134.0,79208.0,89889.0,26011.0,11921.0,6112.0,32793.0,42870.0,23231.0,9480.0,4659.0,29528.0,206363.0,208210.0,9771.0,7924.0
2015-05-19,212588.0,74654.0,93286.0,26496.0,11950.0,6678.0,32392.0,35987.0,22614.0,10047.0,4420.0,28947.0,201829.0,203882.0,10759.0,8705.0
2015-05-26,228704.0,82036.0,87064.0,27919.0,12330.0,6919.0,30759.0,49441.0,25472.0,10810.0,4869.0,33006.0,216923.0,219103.0,11781.0,9601.0
2015-06-02,227417.0,79393.0,85464.0,27530.0,12823.0,8218.0,32651.0,48071.0,26309.0,9889.0,4338.0,32280.0,216271.0,217504.0,11146.0,9913.0
2015-06-09,220676.0,73253.0,89036.0,26800.0,13050.0,9483.0,33088.0,36587.0,25746.0,8756.0,3906.0,32546.0,209672.0,210354.0,11004.0,10322.0
2015-06-16,201102.0,68228.0,82291.0,28441.0,12904.0,6399.0,31717.0,39019.0,20848.0,9400.0,5259.0,24794.0,189827.0,191513.0,11276.0,9589.0
2015-06-23,203609.0,74994.0,86135.0,28833.0,12704.0,6100.0,32696.0,45123.0,18720.0,9392.0,4526.0,22041.0,192775.0,195348.0,10834.0,8261.0
2015-06-30,198989.0,68974.0,82855.0,28768.0,11232.0,6222.0,31047.0,41254.0,20858.0,9305.0,4589.0,22750.0,187923.0,189761.0,11066.0,9229.0
2015-07-07,211179.0,75254.0,77972.0,29530.0,13336.0,6833.0,28358.0,49354.0,21697.0,8858.0,5287.0,27178.0,197708.0,201658.0,13470.0,9521.0
2015-07-14,207279.0,74357.0,78307.0,29256.0,13556.0,6845.0,30061.0,47252.0,20713.0,8430.0,5502.0,25527.0,195189.0,197702.0,12090.0,9577.0
2015-07-21,211044.0,74923.0,78921.0,29314.0,13406.0,6895.0,30615.0,47966.0,22397.0,8635.0,5583.0,26384.0,199163.0,201551.0,11881.0,9493.0
2015-07-28,226066.0,82022.0,82876.0,29846.0,12323.0,7705.0,30046.0,52775.0,24919.0,9301.0,6364.0,29607.0,213447.0,216569.0,12619.0,9497.0
2015-08-04,225814.0,80012.0,84983.0,28736.0,10667.0,7872.0,31985.0,49968.0,24149.0,8975.0,6171.0,32574.0,214303.0,216383.0,11511.0,9431.0
2015-08-11,224535.0,72078.0,89807.0,27784.0,10713.0,9744.0,35970.0,39545.0,24853.0,8685.0,5904.0,32342.0,211456.0,212908.0,13079.0,11627.0
2015-08-18,195201.0,62550.0,93833.0,27547.0,7269.0,8674.0,34799.0,28604.0,17934.0,8069.0,4853.0,25948.0,185522.0,187114.0,9679.0,8087.0
2015-08-25,199764.0,66974.0,81546.0,29108.0,5341.0,7914.0,28799.0,42531.0,21517.0,7839.0,5526.0,26449.0,188600.0,190824.0,11164.0,8940.0
2015-09-01,206946.0,71102.0,79757.0,28734.0,6040.0,7419.0,29041.0,47433.0,21925.0,8061.0,5942.0,27162.0,193444.0,195679.0,13502.0,11267.0
2015-09-08,211461.0,77111.0,81577.0,28204.0,5930.0,8350.0,29512.0,50812.0,21700.0,7552.0,6751.0,28024.0,200453.0,203143.0,11008.0,8318.0
2015-09-15,216337.0,81448.0,83595.0,28324.0,5809.0,8461.0,30908.0,54701.0,20367.0,7522.0,7155.0,26516.0,203546.0,206603.0,12791.0,9734.0
2015-09-22,224764.0,84249.0,85331.0,27873.0,6012.0,8700.0,30990.0,55692.0,21804.0,7729.0,7670.0,30020.0,211366.0,215229.0,13398.0,9535.0
2015-09-29,228081.0,86070.0,90124.0,26967.0,5668.0,9555.0,32689.0,52805.0,20759.0,6949.0,7207.0,32817.0,215806.0,218935.0,12275.0,9146.0
2015-10-06,226449.0,83576.0,93667.0,27199.0,7175.0,8772.0,32171.0,45598.0,21628.0,7321.0,6460.0,33695.0,214363.0,216996.0,12087.0,9454.0
2015-10-13,221658.0,75578.0,95371.0,26708.0,7175.0,9151.0,32015.0,34875.0,21882.0,7161.0,5832.0,37663.0,210158.0,211949.0,11500.0,9709.0
2015-10-20,218652.0,72428.0,94326.0,27341.0,7122.0,8018.0,29746.0,34235.0,23388.0,8087.0,4982.0,37096.0,206104.0,209169.0,12548.0,9483.0
2015-10-27,233741.0,79968.0,94987.0,28779.0,7279.0,8358.0,27408.0,41014.0,26882.0,9836.0,6627.0,39124.0,220356.0,224271.0,13384.0,9470.0
2015-11-03,239249.0,83896.0,94489.0,28564.0,7074.0,8803.0,26924.0,44057.0,27431.0,9809.0,7508.0,41066.0,226493.0,230429.0,12756.0,8821.0
2015-11-10,240942.0,88640.0,96834.0,31448.0,6567.0,6073.0,26363.0,48836.0,26966.0,10178.0,7584.0,38187.0,227854.0,231047.0,13088.0,9896.0
2015-11-17,212702.0,79831.0,81602.0,30027.0,5477.0,4887.0,25912.0,53904.0,18982.0,10190.0,8949.0,30295.0,200124.0,204095.0,12579.0,8608.0
2015-11-24,200987.0,71731.0,81210.0,29436.0,5679.0,4980.0,25829.0,45394.0,19984.0,9255.0,7369.0,28522.0,189737.0,193138.0,11251.0,7850.0
2015-12-01,199938.0,70611.0,81079.0,30784.0,5697.0,5159.0,25554.0,45130.0,19895.0,9255.0,7025.0,27351.0,188609.0,191337.0,11329.0,8601.0
2015-12-08,195992.0,67634.0,87199.0,29903.0,6880.0,5390.0,24778.0,34133.0,19025.0,9239.0,6086.0,29394.0,185365.0,188109.0,10627.0,7883.0
2015-12-15,196684.0,69719.0,87374.0,29415.0,7178.0,5462.0,25580.0,36989.0,17229.0,9280.0,5218.0,28914.0,185599.0,188363.0,11085.0,8321.0
2015-12-22,203967.0,76263.0,86308.0,29952.0,9841.0,5388.0,23514.0,40248.0,18538.0,9382.0,5916.0,29159.0,192195.0,195399.0,11772.0,8568.0
2015-12-29,202942.0,74006.0,86172.0,30413.0,9775.0,5678.0,23625.0,38806.0,19216.0,9229.0,6340.0,28708.0,190877.0,194694.0,12065.0,8248.0
2016-01-05,203823.0,72303.0,90451.0,30178.0,9668.0,5263.0,24133.0,32234.0,20690.0,8576.0,5551.0,31704.0,192848.0,195562.0,10975.0,8261.0
2016-01-12,227878.0,84914.0,91648.0,32047.0,9733.0,5638.0,24557.0,46142.0,22670.0,9682.0,6847.0,35722.0,215230.0,218399.0,12648.0,9478.0
2016-01-19,238170.0,91824.0,95565.0,32975.0,9809.0,6280.0,23842.0,49161.0,23167.0,10037.0,7379.0,37268.0,225393.0,228629.0,12777.0,9541.0
2016-01-26,242648.0,93568.0,99091.0,33523.0,10038.0,6933.0,23243.0,46494.0,25641.0,9717.0,6977.0,37809.0,230435.0,232983.0,12214.0,9665.0
2016-02-02,240553.0,85397.0,102382.0,33951.0,9837.0,7455.0,24910.0,38459.0,25338.0,10661.0,6445.0,40836.0,228548.0,230752.0,12005.0,9801.0
2016-02-09,238285.0,83736.0,104443.0,34002.0,9940.0,8524.0,23829.0,34145.0,25344.0,10754.0,6211.0,39953.0,226143.0,228560.0,12142.0,9725.0
2016-02-16,218216.0,80564.0,99453.0,36542.0,9618.0,4458.0,23848.0,38035.0,19302.0,9125.0,6028.0,32646.0,206485.0,209540.0,11731.0,8675.0
2016-02-23,213875.0,77240.0,98084.0,35184.0,9305.0,4027.0,26784.0,37236.0,18022.0,8809.0,5847.0,32846.0,202912.0,205367.0,10962.0,8508.0
2016-03-01,231456.0,83887.0,97228.0,35535.0,8507.0,4310.0,25100.0,44463.0,23125.0,8977.0,7601.0,37615.0,218549.0,222850.0,12907.0,8605.0
2016-03-08,236324.0,81204.0,103570.0,34071.0,9443.0,5519.0,31055.0,36545.0,24258.0,8034.0,7105.0,40965.0,225108.0,227406.0,11216.0,8918.0
2016-03-15,236448.0,73228.0,115054.0,33727.0,8258.0,5719.0,37370.0,24301.0,26480.0,7355.0,5559.0,41526.0,225404.0,226897.0,11044.0,9552.0
2016-03-22,254701.0,71363.0,128636.0,33296.0,8387.0,7484.0,46704.0,20664.0,27431.0,7054.0,4401.0,48607.0,241939.0,245609.0,12762.0,9092.0
2016-03-29,250158.0,70133.0,127906.0,33083.0,7925.0,8068.0,47448.0,22226.0,24691.0,7439.0,4385.0,47180.0,238042.0,242382.0,12116.0,7776.0
2016-04-05,247318.0,72197.0,122947.0,36609.0,8764.0,7681.0,39216.0,26235.0,23301.0,7777.0,2785.0,46859.0,233641.0,238572.0,13677.0,8745.0
2016-04-12,233874.0,69594.0,113434.0,36661.0,8860.0,6585.0,36339.0,29202.0,21958.0,8225.0,3899.0,41541.0,220903.0,225478.0,12972.0,8396.0
2016-04-19,227310.0,66934.0,112653.0,35507.0,9701.0,6486.0,38777.0,28565.0,19444.0,8659.0,4207.0,38871.0,214678.0,219926.0,12633.0,7384.0
2016-04-26,221075.0,66878.0,111387.0,36454.0,9158.0,6490.0,34573.0,27783.0,15779.0,8453.0,4245.0,39481.0,208107.0,214323.0,12968.0,6752.0
2016-05-03,237502.0,77011.0,106070.0,34476.0,9339.0,6084.0,31201.0,37631.0,21084.0,9826.0,5950.0,43421.0,223102.0,229579.0,14399.0,7923.0
2016-05-10,238412.0,76756.0,113229.0,33775.0,9389.0,6405.0,32796.0,29678.0,22036.0,9302.0,5630.0,44488.0,225558.0,230855.0,12854.0,7557.0
2016-05-17,237114.0,72916.0,121677.0,32605.0,10637.0,7373.0,37160.0,19557.0,21158.0,9293.0,4423.0,44727.0,225233.0,229552.0,11881.0,7562.0
2016-05-24,231392.0,73325.0,112882.0,32933.0,9303.0,8750.0,30302.0,24777.0,21595.0,9512.0,4738.0,41589.0,218008.0,223636.0,13384.0,7756.0
2016-05-31,244037.0,78210.0,109249.0,32473.0,8850.0,11636.0,26373.0,31676.0,23493.0,11173.0,5784.0,45083.0,228441.0,235771.0,15596.0,8266.0
2016-06-07,241218.0,77018.0,115635.0,33131.0,9476.0,7333.0,30731.0,27338.0,27087.0,11351.0,5325.0,39948.0,226600.0,232143.0,14618.0,9075.0
2016-06-14,226804.0,67573.0,121811.0,32214.0,9455.0,6102.0,37288.0,17046.0,21030.0,10840.0,4824.0,37594.0,212641.0,217863.0,14163.0,8942.0
2016-06-21,222253.0,62156.0,124830.0,32231.0,8790.0,3726.0,42542.0,15067.0,20281.0,10993.0,4217.0,37510.0,209440.0,214422.0,12814.0,7832.0
2016-06-28,218830.0,62568.0,125856.0,32139.0,9998.0,3920.0,44408.0,14620.0,16525.0,10656.0,4259.0,36216.0,206434.0,211396.0,12396.0,7435.0
2016-07-05,228420.0,61654.0,130027.0,33332.0,10453.0,4031.0,45599.0,13198.0,16368.0,11457.0,3832.0,42171.0,214610.0,220078.0,13810.0,8342.0
2016-07-12,229321.0,61788.0,133843.0,32639.0,10524.0,4192.0,49091.0,13937.0,15669.0,11187.0,3815.0,40485.0,215051.0,222466.0,14270.0,6856.0
2016-07-19,238381.0,64443.0,136281.0,31577.0,9808.0,5452.0,50248.0,14645.0,17042.0,11814.0,3844.0,43851.0,224427.0,230921.0,13955.0,7460.0
2016-07-26,232572.0,66728.0,135981.0,31274.0,9782.0,5142.0,48746.0,14334.0,16385.0,10635.0,2765.0,41150.0,220058.0,225539.0,12514.0,7033.0
2016-08-02,236998.0,67296.0,135442.0,31320.0,9794.0,5707.0,48040.0,15424.0,19841.0,10280.0,2957.0,40866.0,223350.0,230031.0,13648.0,6967.0
2016-08-09,230633.0,65789.0,132336.0,32076.0,9385.0,5239.0,46109.0,16823.0,19642.0,10599.0,3285.0,37116.0,216570.0,223825.0,14063.0,6808.0
2016-08-16,201626.0,55028.0,121153.0,34509.0,6254.0,3647.0,42719.0,18193.0,14745.0,10716.0,3844.0,26521.0,187885.0,194357.0,13740.0,7268.0
2016-08-23,197230.0,43951.0,117305.0,34109.0,3590.0,3429.0,49600.0,17849.0,14638.0,10352.0,4495.0,28915.0,184995.0,190221.0,12235.0,7009.0
2016-08-30,198454.0,42973.0,118942.0,37545.0,3856.0,3633.0,46659.0,14498.0,14855.0,9484.0,3956.0,31658.0,186808.0,191399.0,11646.0,7055.0
2016-09-06,215377.0,43771.0,131119.0,37492.0,3801.0,4471.0,53375.0,11554.0,16855.0,10356.0,3532.0,36788.0,203108.0,208119.0,12269.0,7258.0
2016-09-13,211508.0,42709.0,130105.0,39044.0,3712.0,2893.0,55019.0,12212.0,16489.0,10280.0,5052.0,33621.0,200055.0,204084.0,11452.0,7424.0
2016-09-20,221337.0,44478.0,133164.0,37927.0,3555.0,3072.0,58691.0,11983.0,17116.0,10480.0,7361.0,37531.0,209295.0,213782.0,12041.0,7555.0
2016-09-27,225155.0,50232.0,133042.0,37472.0,7495.0,3653.0,56980.0,12298.0,15953.0,10625.0,7976.0,38056.0,212971.0,218473.0,12184.0,6682.0
2016-10-04,222978.0,50141.0,128779.0,38226.0,7136.0,3263.0,53218.0,14847.0,16661.0,11482.0,8145.0,37303.0,210293.0,216134.0,12685.0,6844.0
2016-10-11,224681.0,51738.0,129464.0,37969.0,7349.0,4709.0,50135.0,13784.0,16628.0,12054.0,7400.0,38750.0,211984.0,218084.0,12698.0,6598.0
2016-10-18,233858.0,51296.0,135468.0,38353.0,8264.0,5335.0,54060.0,10971.0,17941.0,12671.0,6868.0,41741.0,221398.0,226588.0,12460.0,7270.0
2016-10-25,252986.0,54774.0,149616.0,38185.0,8570.0,5613.0,61232.0,10581.0,21352.0,14521.0,4277.0,44764.0,240440.0,244772.0,12546.0,8214.0
2016-11-01,265143.0,53621.0,154511.0,39912.0,8722.0,6808.0,66249.0,9628.0,25424.0,13555.0,4628.0,47215.0,252784.0,256937.0,12359.0,8206.0
2016-11-08,279072.0,59219.0,165410.0,42855.0,8938.0,7556.0,69766.0,10514.0,26452.0,13690.0,5000.0,46825.0,266363.0,270696.0,12709.0,8376.0
2016-11-15,232722.0,48464.0,149970.0,42583.0,7238.0,6457.0,62921.0,10049.0,12323.0,11988.0,4196.0,35719.0,220454.0,225951.0,12268.0,6771.0
2016-11-22,219703.0,44293.0,142285.0,42514.0,8347.0,5718.0,59453.0,8731.0,11385.0,11803.0,4480.0,32363.0,207529.0,213309.0,12174.0,6394.0
2016-11-29,217890.0,48811.0,138599.0,42576.0,8375.0,6073.0,51895.0,8826.0,13724.0,11568.0,4908.0,31040.0,205688.0,211545.0,12203.0,6345.0
2016-12-06,223980.0,58652.0,129050.0,40885.0,8587.0,6378.0,41559.0,12470.0,17489.0,10872.0,7059.0,36351.0,212186.0,217383.0,11794.0,6597.0
2016-12-13,214889.0,60138.0,121276.0,38695.0,8507.0,5193.0,37407.0,15304.0,13381.0,11996.0,8127.0,35985.0,202795.0,207773.0,12094.0,7116.0
2016-12-20,218739.0,60308.0,119157.0,38187.0,8435.0,6211.0,36615.0,17601.0,13831.0,13490.0,8477.0,38051.0,206694.0,211763.0,12045.0,6976.0
2016-12-27,225314.0,65011.0,115885.0,38639.0,8460.0,6828.0,32940.0,20234.0,16174.0,13817.0,9547.0,40711.0,214120.0,217839.0,11194.0,7475.0
2017-01-03,229982.0,68020.0,114299.0,37081.0,8525.0,7906.0,33812.0,25349.0,15706.0,14996.0,9562.0,40616.0,218137.0,221965.0,11844.0,8017.0
2017-01-10,221799.0,61791.0,113317.0,36737.0,8657.0,8088.0,35638.0,22073.0,13926.0,15382.0,8636.0,39066.0,210629.0,213763.0,11170.0,8036.0
2017-01-17,210926.0,55125.0,113549.0,36330.0,8497.0,7304.0,36905.0,14742.0,15507.0,14581.0,8309.0,34795.0,200547.0,202704.0,10379.0,8222.0
2017-01-24,212781.0,54139.0,119418.0,36112.0,8629.0,7653.0,38465.0,12724.0,15894.0,13453.0,4472.0,36538.0,202255.0,205328.0,10526.0,7453.0
2017-01-31,216814.0,55269.0,121466.0,37398.0,8783.0,6895.0,39670.0,12405.0,16762.0,12237.0,4956.0,38271.0,206501.0,209537.0,10313.0,7278.0
2017-02-07,215740.0,57017.0,118560.0,38023.0,8713.0,8312.0,36180.0,16090.0,17439.0,12944.0,4060.0,34725.0,204642.0,207900.0,11098.0,7840.0
2017-02-14,197783.0,47997.0,109276.0,37911.0,6286.0,5459.0,37966.0,21358.0,13626.0,14768.0,4350.0,29581.0,187308.0,189937.0,10475.0,7846.0
2017-02-21,199637.0,47930.0,109737.0,34445.0,6411.0,8536.0,40184.0,20786.0,12504.0,16041.0,4428.0,29511.0,189151.0,191914.0,10486.0,7723.0
2017-02-28,204621.0,51777.0,108794.0,34631.0,6870.0,8572.0,37097.0,22704.0,13155.0,17812.0,4605.0,31525.0,194570.0,196226.0,10051.0,8396.0
2017-03-07,205724.0,53618.0,107821.0,35016.0,6759.0,8607.0,36223.0,27443.0,12908.0,18818.0,4186.0,30209.0,195400.0,197935.0,10323.0,7788.0
2017-03-14,212704.0,58312.0,106223.0,33797.0,8687.0,8139.0,37138.0,31746.0,13027.0,19149.0,4433.0,32255.0,201817.0,204510.0,10887.0,8193.0
2017-03-21,217710.0,59098.0,108449.0,33104.0,9122.0,8697.0,39123.0,32197.0,13394.0,19804.0,4062.0,33485.0,206704.0,209405.0,11006.0,8305.0
2017-03-28,227604.0,65831.0,105287.0,33208.0,9436.0,8282.0,36527.0,38119.0,16752.0,19388.0,4907.0,36122.0,216110.0,218905.0,11494.0,8699.0
2017-04-04,238154.0,70462.0,108746.0,32846.0,9974.0,9178.0,38406.0,40252.0,18734.0,18910.0,5076.0,37896.0,226432.0,229855.0,11722.0,8299.0
2017-04-11,244321.0,71351.0,112382.0,32664.0,8014.0,11187.0,40449.0,41259.0,19262.0,19113.0,5054.0,38960.0,232986.0,236117.0,11336.0,8204.0
2017-04-18,223442.0,61470.0,109124.0,33130.0,7580.0,10522.0,42926.0,37848.0,15280.0,19220.0,4368.0,30255.0,212802.0,214977.0,10640.0,8465.0
2017-04-25,240824.0,73479.0,103137.0,35059.0,7645.0,11638.0,34486.0,43255.0,24816.0,13771.0,4907.0,36030.0,229279.0,231428.0,11545.0,9396.0
2017-05-02,246039.0,76260.0,102057.0,35866.0,7635.0,12060.0,34487.0,46978.0,25164.0,13296.0,4947.0,37481.0,234615.0,236322.0,11424.0,9718.0
2017-05-09,246535.0,74853.0,104353.0,38456.0,7790.0,9030.0,35545.0,46319.0,26544.0,12887.0,4754.0,38248.0,235564.0,237038.0,10971.0,9497.0
2017-05-16,248628.0,75773.0,101421.0,38476.0,9510.0,7837.0,34853.0,47898.0,26425.0,12781.0,4774.0,41073.0,237218.0,238938.0,11409.0,9690.0
2017-05-23,256003.0,77215.0,101600.0,38559.0,9502.0,9236.0,35558.0,51392.0,28691.0,12812.0,4803.0,41277.0,243349.0,246501.0,12654.0,9502.0
2017-05-30,258314.0,77798.0,99278.0,38894.0,9550.0,9996.0,36445.0,54823.0,28160.0,12728.0,4931.0,42617.0,246637.0,249354.0,11677.0,8961.0
2017-06-06,275537.0,83100.0,96451.0,37832.0,9706.0,9811.0,34631.0,62041.0,39095.0,14025.0,5218.0,43798.0,262292.0,266120.0,13245.0,9416.0
2017-06-13,257027.0,82284.0,92002.0,37113.0,9529.0,8831.0,36086.0,67073.0,30982.0,14488.0,5649.0,33624.0,243408.0,247690.0,13619.0,9337.0
2017-06-20,254581.0,76337.0,83221.0,37022.0,7067.0,7551.0,35843.0,73349.0,30103.0,16024.0,5701.0,38074.0,240954.0,245066.0,13627.0,9514.0
2017-06-27,267306.0,82220.0,80414.0,37190.0,8902.0,8548.0,35184.0,78803.0,33490.0,14802.0,5110.0,43407.0,254842.0,258674.0,12465.0,8632.0
2017-07-03,270794.0,83286.0,82114.0,35836.0,8847.0,10533.0,36238.0,78814.0,32850.0,16395.0,4966.0,43514.0,258652.0,261638.0,12142.0,9155.0
2017-07-11,271284.0,85470.0,83541.0,37149.0,8827.0,10604.0,34176.0,73981.0,32767.0,13243.0,5576.0,47514.0,260922.0,262810.0,10362.0,8474.0
2017-07-18,266276.0,84088.0,90726.0,34781.0,8564.0,12305.0,36074.0,65595.0,33366.0,13270.0,5436.0,41974.0,255858.0,257967.0,10417.0,8309.0
2017-07-25,264958.0,80895.0,94082.0,35842.0,8708.0,14567.0,33569.0,55334.0,32439.0,12139.0,5975.0,45606.0,255057.0,256711.0,9901.0,8246.0
2017-08-01,257929.0,80118.0,101473.0,35065.0,8511.0,13535.0,34442.0,45738.0,29755.0,11437.0,5915.0,43523.0,247875.0,248450.0,10053.0,9479.0
2017-08-08,254646.0,79826.0,111760.0,35172.0,8699.0,11783.0,34158.0,35383.0,28716.0,10576.0,4992.0,44514.0,244746.0,245846.0,9900.0,8800.0
2017-08-15,219011.0,65350.0,100335.0,36360.0,6966.0,11286.0,33300.0,33015.0,19587.0,9738.0,5326.0,34103.0,209723.0,210618.0,9287.0,8393.0
2017-08-22,214970.0,65924.0,88355.0,37561.0,7158.0,10838.0,29240.0,43581.0,21788.0,9602.0,5832.0,29533.0,204485.0,207083.0,10484.0,7887.0
2017-08-29,227489.0,70402.0,87094.0,38128.0,6706.0,11366.0,29494.0,53142.0,25160.0,10298.0,4797.0,31366.0,216214.0,219631.0,11275.0,7858.0
2017-09-05,243182.0,74369.0,84805.0,38519.0,8282.0,11651.0,31546.0,61459.0,27705.0,11544.0,5261.0,35247.0,230582.0,234411.0,12600.0,8770.0
2017-09-12,238749.0,70139.0,81295.0,39060.0,8476.0,9287.0,33352.0,63783.0,29383.0,12791.0,5740.0,33073.0,227084.0,231036.0,11666.0,7713.0
2017-09-19,226543.0,63225.0,85900.0,38937.0,8354.0,8243.0,30978.0,47460.0,27848.0,11535.0,5112.0,35747.0,216513.0,218663.0,10031.0,7880.0
2017-09-26,224494.0,63096.0,87459.0,38538.0,8326.0,9427.0,35078.0,48229.0,21691.0,10741.0,6041.0,35253.0,213823.0,216425.0,10671.0,8069.0
2017-10-03,247485.0,70687.0,85826.0,40148.0,8392.0,9156.0,32748.0,59879.0,27593.0,12109.0,7009.0,41686.0,234127.0,239542.0,13358.0,7943.0
2017-10-10,254430.0,71832.0,83747.0,40124.0,8398.0,11164.0,32508.0,64632.0,30461.0,12842.0,5431.0,42408.0,241338.0,246241.0,13092.0,8189.0
2017-10-17,266030.0,80765.0,86479.0,40794.0,8560.0,13127.0,31476.0,71987.0,31530.0,13357.0,5909.0,39151.0,250201.0,256744.0,15829.0,9286.0
2017-10-24,276489.0,86565.0,88394.0,40533.0,8385.0,13984.0,31024.0,77013.0,32528.0,14563.0,6179.0,41083.0,260279.0,267565.0,16210.0,8924.0
2017-10-31,277011.0,84440.0,87520.0,40477.0,8208.0,14286.0,33032.0,78602.0,31390.0,14519.0,6160.0,42537.0,260680.0,268703.0,16331.0,8308.0
2017-11-07,279467.0,84964.0,84371.0,41308.0,8417.0,12551.0,31759.0,80664.0,34887.0,14586.0,6291.0,43408.0,263463.0,270590.0,16003.0,8877.0
2017-11-14,243209.0,71124.0,79158.0,42936.0,3643.0,8849.0,31516.0,76370.0,27330.0,14402.0,6774.0,32588.0,228745.0,234713.0,14464.0,8496.0
2017-11-21,227813.0,63447.0,70878.0,43848.0,2760.0,5279.0,31578.0,78807.0,24481.0,13696.0,6140.0,31263.0,213591.0,219607.0,14222.0,8206.0
2017-11-28,222326.0,58357.0,70308.0,42710.0,2959.0,5418.0,31757.0,72523.0,24656.0,13725.0,5793.0,32794.0,209417.0,214451.0,12909.0,7876.0
2017-12-05,220200.0,56820.0,71923.0,43303.0,4739.0,5255.0,31760.0,67556.0,25065.0,13337.0,5889.0,31290.0,206830.0,211717.0,13370.0,8484.0
2017-12-12,248848.0,72906.0,73179.0,44629.0,5778.0,4268.0,29564.0,81810.0,32295.0,13870.0,7999.0,35366.0,232899.0,240694.0,15949.0,8154.0
2017-12-19,252035.0,76467.0,70718.0,41709.0,6460.0,5389.0,29013.0,85914.0,32398.0,14699.0,7029.0,36281.0,235955.0,244189.0,16079.0,7846.0
2017-12-26,255194.0,83916.0,73653.0,41008.0,8954.0,6124.0,30028.0,87874.0,27840.0,15228.0,7177.0,35210.0,239354.0,246833.0,15840.0,8361.0
2018-01-02,252096.0,79491.0,75544.0,38786.0,8930.0,8051.0,33009.0,80836.0,27654.0,14558.0,6394.0,36074.0,237622.0,243483.0,14473.0,8613.0
2018-01-09,253806.0,74613.0,79704.0,41345.0,9167.0,7108.0,33931.0,73924.0,29448.0,14080.0,6910.0,38573.0,239097.0,244834.0,14709.0,8972.0
2018-01-16,271591.0,82538.0,83794.0,45953.0,9159.0,9776.0,35007.0,83691.0,29993.0,13990.0,8670.0,37627.0,254884.0,262710.0,16707.0,8881.0
2018-01-23,281894.0,86447.0,85994.0,47320.0,8898.0,9815.0,34814.0,89012.0,32907.0,14398.0,7561.0,39040.0,264741.0,273227.0,17153.0,8668.0
2018-01-30,273505.0,82434.0,87162.0,48346.0,9014.0,10639.0,34076.0,84307.0,28327.0,15425.0,7733.0,37597.0,256844.0,264779.0,16660.0,8726.0
2018-02-06,287125.0,88845.0,90008.0,47672.0,9197.0,13115.0,32173.0,87632.0,30542.0,16376.0,6507.0,41055.0,269779.0,278056.0,17346.0,9069.0
2018-02-13,259082.0,81109.0,87440.0,44701.0,8919.0,9790.0,31334.0,77652.0,28029.0,15953.0,6283.0,32370.0,243285.0,250483.0,15797.0,8599.0
2018-02-20,254798.0,74514.0,76968.0,48455.0,7115.0,7667.0,31152.0,88746.0,25923.0,18586.0,8831.0,29879.0,236176.0,245129.0,18622.0,9669.0
2018-02-27,266317.0,77665.0,83921.0,47799.0,7205.0,8416.0,32069.0,88589.0,30600.0,20375.0,6889.0,32067.0,248990.0,257687.0,17327.0,8630.0
2018-03-06,281227.0,82659.0,90932.0,47638.0,7821.0,9618.0,34429.0,87749.0,34862.0,20148.0,7055.0,34634.0,263988.0,272671.0,17239.0,8556.0
2018-03-13,289429.0,80515.0,88916.0,47727.0,7941.0,10243.0,34558.0,91442.0,37629.0,21738.0,7254.0,39385.0,271795.0,282810.0,17634.0,6619.0
2018-03-20,305647.0,86867.0,92284.0,50473.0,7547.0,12165.0,33830.0,93440.0,43465.0,20409.0,8107.0,40050.0,287258.0,297056.0,18390.0,8591.0
2018-03-27,316408.0,88053.0,93871.0,49509.0,7022.0,13301.0,36471.0,96060.0,45204.0,21567.0,7958.0,43900.0,298005.0,307316.0,18403.0,9091.0
2018-04-03,323696.0,90329.0,93866.0,51018.0,6815.0,12744.0,35518.0,100011.0,46259.0,20084.0,8178.0,46150.0,302102.0,314023.0,21594.0,9673.0
2018-04-10,318356.0,90064.0,96482.0,51539.0,6581.0,12808.0,38256.0,98091.0,39629.0,19990.0,8573.0,46850.0,299137.0,309015.0,19219.0,9341.0
2018-04-17,305172.0,88134.0,90782.0,56174.0,3194.0,8670.0,36049.0,106760.0,37307.0,19597.0,10544.0,39283.0,285214.0,296540.0,19959.0,8632.0
2018-04-24,297863.0,81446.0,88654.0,53267.0,3044.0,12356.0,36825.0,98357.0,39968.0,18961.0,7616.0,38854.0,281675.0,288849.0,16188.0,9014.0
2018-05-01,301577.0,82243.0,100218.0,52273.0,3978.0,11752.0,40916.0,86176.0,43029.0,16134.0,7574.0,39866.0,286214.0,292594.0,15362.0,8983.0
2018-05-08,287382.0,76405.0,101158.0,53705.0,3465.0,8896.0,36391.0,77116.0,36920.0,15382.0,7452.0,43611.0,271309.0,278617.0,16073.0,8765.0
2018-05-15,300829.0,80162.0,98745.0,54030.0,3455.0,10921.0,35560.0,85623.0,45394.0,16813.0,7668.0,40150.0,283029.0,291956.0,17800.0,8873.0
2018-05-22,314820.0,82220.0,102009.0,52223.0,3517.0,12790.0,37824.0,83998.0,50561.0,16416.0,8050.0,44757.0,296791.0,305682.0,18028.0,9138.0
2018-05-29,316715.0,82947.0,103454.0,52359.0,3507.0,13923.0,36542.0,81657.0,49816.0,17040.0,8521.0,46633.0,299260.0,307512.0,17454.0,9203.0
2018-06-05,314824.0,83093.0,110739.0,53078.0,3154.0,17321.0,35879.0,73888.0,46076.0,16947.0,8695.0,45065.0,297460.0,304939.0,17364.0,9885.0
2018-06-12,323275.0,93028.0,108630.0,53106.0,4997.0,16036.0,36043.0,86906.0,44783.0,17849.0,8626.0,44259.0,305104.0,314238.0,18172.0,9038.0
2018-06-19,321229.0,92480.0,98056.0,56599.0,4747.0,15611.0,34698.0,100854.0,39377.0,20306.0,9049.0,42942.0,302013.0,310636.0,19216.0,10594.0
2018-06-26,317874.0,88319.0,91947.0,56165.0,5374.0,14890.0,35623.0,103833.0,41470.0,20312.0,8254.0,44092.0,300870.0,309860.0,17004.0,8014.0
2018-07-03,344593.0,101771.0,94860.0,59942.0,5773.0,9933.0,33115.0,115438.0,45909.0,22116.0,10293.0,51918.0,324703.0,334124.0,19890.0,10469.0
2018-07-10,348362.0,106149.0,95573.0,58265.0,5885.0,11408.0,33553.0,116438.0,46416.0,20471.0,9179.0,54377.0,330639.0,339276.0,17723.0,9086.0
2018-07-17,360712.0,115609.0,100317.0,60850.0,5808.0,11762.0,31643.0,121652.0,49109.0,19351.0,9275.0,54044.0,342368.0,351967.0,18343.0,8745.0
2018-07-24,383062.0,120579.0,102329.0,59233.0,5792.0,17238.0,36307.0,125910.0,55744.0,17600.0,9645.0,57580.0,364281.0,374238.0,18781.0,8823.0
2018-07-31,389722.0,122709.0,105166.0,59778.0,6254.0,17573.0,36423.0,126662.0,57463.0,18057.0,9219.0,59078.0,371081.0,381415.0,18641.0,8307.0
2018-08-07,395258.0,127145.0,103522.0,60151.0,6205.0,19103.0,35285.0,129806.0,52963.0,19440.0,13169.0,61040.0,375126.0,385807.0,20133.0,9452.0
2018-08-14,376762.0,125844.0,99594.0,61216.0,6168.0,10074.0,34821.0,132548.0,57973.0,19383.0,13631.0,48061.0,357372.0,368049.0,19391.0,8713.0
2018-08-21,371301.0,122740.0,84610.0,56796.0,6340.0,8087.0,35986.0,140322.0,55080.0,19040.0,13912.0,54521.0,352249.0,362870.0,19052.0,8430.0
2018-08-28,372462.0,122632.0,87107.0,55099.0,5800.0,11757.0,36435.0,135212.0,56503.0,17683.0,14109.0,52911.0,353019.0,363398.0,19442.0,9064.0
2018-09-04,385063.0,130572.0,90352.0,53274.0,5513.0,12500.0,33787.0,135939.0,60158.0,17911.0,15062.0,56845.0,365048.0,376370.0,20014.0,8693.0
2018-09-11,388442.0,130068.0,91635.0,54967.0,5373.0,12637.0,33469.0,136157.0,62403.0,17733.0,14338.0,54976.0,366253.0,377519.0,22190.0,10923.0
2018-09-18,402854.0,138166.0,91908.0,53099.0,5409.0,15853.0,34620.0,143779.0,65441.0,17791.0,15282.0,54043.0,379012.0,391714.0,23842.0,11140.0
2018-09-25,407647.0,140185.0,95395.0,50411.0,5366.0,18142.0,36310.0,141822.0,65810.0,18162.0,14384.0,57242.0,386262.0,398161.0,21385.0,9486.0
2018-10-02,405420.0,138188.0,100984.0,47782.0,5513.0,20235.0,37133.0,130281.0,62667.0,18436.0,14186.0,59214.0,383655.0,393080.0,21766.0,12340.0
2018-10-09,393895.0,138594.0,110178.0,45454.0,5569.0,21573.0,30851.0,108651.0,58682.0,15289.0,13727.0,64462.0,374905.0,382843.0,18990.0,11052.0
2018-10-16,366393.0,127406.0,114157.0,43320.0,5624.0,20884.0,31253.0,85631.0,50762.0,12709.0,14186.0,65368.0,351703.0,356613.0,14690.0,9781.0
2018-10-23,357230.0,118794.0,121680.0,41726.0,5678.0,20120.0,32417.0,67147.0,53711.0,11299.0,14910.0,65713.0,343778.0,348958.0,13452.0,8272.0
2018-10-30,352671.0,117038.0,126612.0,41748.0,5573.0,27050.0,31681.0,57555.0,49944.0,10613.0,15096.0,61429.0,339502.0,343260.0,13169.0,9412.0
2018-11-06,343467.0,119282.0,135294.0,40747.0,2739.0,31262.0,32823.0,55024.0,39274.0,10007.0,13629.0,57485.0,330881.0,334708.0,12586.0,8758.0
2018-11-13,286834.0,104186.0,116365.0,40148.0,2704.0,18183.0,30591.0,57949.0,30724.0,9049.0,11304.0,40905.0,273786.0,278135.0,13048.0,8699.0
2018-11-20,279919.0,99798.0,113258.0,38225.0,2639.0,18028.0,30753.0,57014.0,31072.0,10783.0,10411.0,39728.0,268387.0,272151.0,11532.0,7768.0
2018-11-27,281974.0,102528.0,115431.0,39125.0,3898.0,18373.0,30082.0,58081.0,29654.0,10528.0,8966.0,40107.0,270397.0,274509.0,11577.0,7464.0
2018-12-04,292219.0,107609.0,114895.0,40766.0,2890.0,19892.0,28395.0,65193.0,32274.0,9150.0,8888.0,41098.0,279184.0,285130.0,13035.0,7088.0
2018-12-11,313327.0,114757.0,116475.0,41671.0,3116.0,18950.0,29719.0,75325.0,39961.0,10679.0,9264.0,42907.0,298643.0,305997.0,14684.0,7330.0
2018-12-18,318487.0,114609.0,111149.0,42493.0,4218.0,18360.0,30570.0,83616.0,41751.0,10515.0,8125.0,44176.0,302475.0,311396.0,16012.0,7091.0
