trial,testing,parameters,initial_deadline,final_deadline,net_reward,actions,success
1,False,"{'a': 0.6, 'e': 1.0}",25,0,-104.43673543276451,"{0: 15, 1: 1, 2: 7, 3: 2, 4: 0}",0
2,False,"{'a': 0.5984420262435418, 'e': 0.9875778004938814}",20,0,-106.5403482871085,"{0: 11, 1: 1, 2: 7, 3: 0, 4: 1}",0
3,False,"{'a': 0.5972463382775833, 'e': 0.9777512371933363}",20,0,-75.89891413216662,"{0: 10, 1: 3, 2: 7, 3: 0, 4: 0}",0
4,False,"{'a': 0.5960530392977743, 'e': 0.968022449831306}",25,0,-166.80831284257383,"{0: 15, 1: 2, 2: 4, 3: 1, 4: 3}",0
5,False,"{'a': 0.5945647678140258, 'e': 0.9559974818331}",30,0,-124.97779937127093,"{0: 17, 1: 3, 2: 9, 3: 0, 4: 1}",0
6,False,"{'a': 0.592783746378503, 'e': 0.9417645335842487}",20,1,-41.57602309699438,"{0: 12, 1: 5, 2: 1, 3: 1, 4: 0}",1
7,False,"{'a': 0.5916585265577171, 'e': 0.932860133384556}",30,0,-134.4633306770893,"{0: 16, 1: 5, 2: 7, 3: 1, 4: 1}",0
8,False,"{'a': 0.5898862107809457, 'e': 0.9189716553768317}",25,0,-87.83270149905377,"{0: 14, 1: 7, 2: 3, 3: 0, 4: 1}",0
9,False,"{'a': 0.5884133371131997, 'e': 0.9075560061332727}",20,0,-145.61288794418022,"{0: 13, 1: 0, 2: 4, 3: 0, 4: 3}",0
10,False,"{'a': 0.5872376864814886, 'e': 0.8985256729903055}",20,0,-74.88727973787009,"{0: 14, 1: 0, 2: 5, 3: 0, 4: 1}",0
11,False,"{'a': 0.5860643848013063, 'e': 0.8895851931634113}",20,8,-17.623500949936652,"{0: 8, 1: 2, 2: 2, 3: 0, 4: 0}",1
12,False,"{'a': 0.5853615293371658, 'e': 0.8842636625608209}",30,0,-101.66693068259742,"{0: 22, 1: 0, 2: 6, 3: 1, 4: 1}",0
13,False,"{'a': 0.5836080762438839, 'e': 0.8710986917457983}",20,0,-13.75674389076352,"{0: 16, 1: 2, 2: 2, 3: 0, 4: 0}",0
14,False,"{'a': 0.5824420265297934, 'e': 0.8624311149420455}",20,11,-13.31573745272271,"{0: 6, 1: 1, 2: 2, 3: 0, 4: 0}",1
15,False,"{'a': 0.5819180645241866, 'e': 0.8585588939563946}",20,0,-32.63601424816301,"{0: 15, 1: 0, 2: 5, 3: 0, 4: 0}",0
16,False,"{'a': 0.5807553914557643, 'e': 0.8500160902253981}",30,19,-42.871563070438825,"{0: 7, 1: 0, 2: 3, 3: 1, 4: 0}",1
17,False,"{'a': 0.5801169117533793, 'e': 0.8453538346846587}",25,0,-155.7572320763413,"{0: 12, 1: 7, 2: 3, 3: 1, 4: 2}",0
18,False,"{'a': 0.5786684308295676, 'e': 0.8348526806969435}",25,0,-106.55200517383027,"{0: 15, 1: 2, 2: 7, 3: 0, 4: 1}",0
19,False,"{'a': 0.5772235665853325, 'e': 0.8244819741391082}",25,0,-81.92789786306257,"{0: 17, 1: 3, 2: 3, 3: 1, 4: 1}",0
20,False,"{'a': 0.5757823099902674, 'e': 0.8142400945671536}",25,0,-91.00139189427895,"{0: 17, 1: 3, 2: 3, 3: 1, 4: 1}",0
21,False,"{'a': 0.574344652036514, 'e': 0.8041254416665596}",20,8,-8.612729744930979,"{0: 9, 1: 1, 2: 2, 3: 0, 4: 0}",1
22,False,"{'a': 0.573655851816858, 'e': 0.7993151343693651}",20,0,-127.60300321388303,"{0: 13, 1: 0, 2: 4, 3: 1, 4: 2}",0
23,False,"{'a': 0.5725096866604357, 'e': 0.7913618158955839}",20,0,-131.90076624109986,"{0: 8, 1: 7, 2: 3, 3: 0, 4: 2}",0
24,False,"{'a': 0.5713658115435234, 'e': 0.7834876342628625}",20,0,-89.37176772859146,"{0: 10, 1: 5, 2: 4, 3: 0, 4: 1}",0
25,False,"{'a': 0.570224221890619, 'e': 0.775691802046476}",30,0,-233.6010957209775,"{0: 16, 1: 3, 2: 6, 3: 1, 4: 4}",0
26,False,"{'a': 0.5685161126698601, 'e': 0.764143255648199}",30,13,-80.03720061973344,"{0: 10, 1: 3, 2: 2, 3: 1, 4: 1}",1
27,False,"{'a': 0.567550456318782, 'e': 0.7576755646029744}",20,0,-116.98687111472874,"{0: 10, 1: 1, 2: 8, 3: 0, 4: 1}",0
28,False,"{'a': 0.5664164897507014, 'e': 0.7501365667709818}",25,17,-4.092787278764687,"{0: 6, 1: 1, 2: 1, 3: 0, 4: 0}",1
29,False,"{'a': 0.565963537763853, 'e': 0.7471420136029704}",25,0,-80.6347193337918,"{0: 20, 1: 1, 2: 2, 3: 0, 4: 2}",0
30,False,"{'a': 0.5645503960825562, 'e': 0.7378608664505911}",25,7,-134.30201551667787,"{0: 11, 1: 2, 2: 2, 3: 0, 4: 3}",1
31,False,"{'a': 0.5635351193927531, 'e': 0.731249912568882}",25,15,-49.128750857150855,"{0: 7, 1: 0, 2: 2, 3: 0, 4: 1}",1
32,False,"{'a': 0.562971865947021, 'e': 0.7276027884145955}",25,0,-171.58127092951204,"{0: 15, 1: 0, 2: 7, 3: 0, 4: 3}",0
33,False,"{'a': 0.5615661941040778, 'e': 0.7185643614157011}",25,0,-93.21277115435964,"{0: 18, 1: 3, 2: 2, 3: 0, 4: 2}",0
34,False,"{'a': 0.5601640320516758, 'e': 0.7096382115602087}",25,0,-48.91113729398937,"{0: 16, 1: 4, 2: 5, 3: 0, 4: 0}",0
35,False,"{'a': 0.5587653710262975, 'e': 0.7008229441190426}",25,0,-114.57720076677383,"{0: 16, 1: 4, 2: 3, 3: 0, 4: 2}",0
36,False,"{'a': 0.5573702022863071, 'e': 0.6921171816887304}",25,9,-58.01771153298012,"{0: 11, 1: 1, 2: 3, 3: 0, 4: 1}",1
37,False,"{'a': 0.556479123016162, 'e': 0.686602333042301}",25,0,-25.085820259620885,"{0: 19, 1: 1, 2: 5, 3: 0, 4: 0}",0
38,False,"{'a': 0.555089662757622, 'e': 0.6780732218798831}",25,6,-38.501970320329825,"{0: 15, 1: 2, 2: 1, 3: 0, 4: 1}",1
39,False,"{'a': 0.554035993700965, 'e': 0.6716620276620098}",30,19,-6.70481489316621,"{0: 7, 1: 4, 2: 0, 3: 0, 4: 0}",1
40,False,"{'a': 0.5534268891768003, 'e': 0.6679780267989895}",25,8,-16.389159729295258,"{0: 16, 1: 0, 2: 0, 3: 0, 4: 1}",1
41,False,"{'a': 0.5524868627140826, 'e': 0.6623242760521222}",20,0,-22.220316834802542,"{0: 16, 1: 1, 2: 2, 3: 1, 4: 0}",0
42,False,"{'a': 0.551382993226099, 'e': 0.6557340393934418}",20,0,-99.89272747021363,"{0: 14, 1: 3, 2: 0, 3: 1, 4: 2}",0
43,False,"{'a': 0.5502813292708233, 'e': 0.6492093766851474}",25,0,-167.05493568282947,"{0: 12, 1: 4, 2: 6, 3: 1, 4: 2}",0
44,False,"{'a': 0.5489073441446711, 'e': 0.6411447682867216}",20,0,-70.58495170116586,"{0: 13, 1: 4, 2: 1, 3: 1, 4: 1}",0
45,False,"{'a': 0.5478106265395595, 'e': 0.6347652712514176}",25,8,-44.572805883227105,"{0: 12, 1: 1, 2: 2, 3: 2, 4: 0}",1
46,False,"{'a': 0.5468801396124225, 'e': 0.6293926325081629}",20,11,-23.806650408189444,"{0: 5, 1: 1, 2: 3, 3: 0, 4: 0}",1
47,False,"{'a': 0.5463881689067969, 'e': 0.6265667287141238}",20,0,-22.63346702459445,"{0: 16, 1: 1, 2: 2, 3: 1, 4: 0}",0
48,False,"{'a': 0.5452964846171677, 'e': 0.6203322855961783}",20,0,-24.82860668907802,"{0: 14, 1: 3, 2: 3, 3: 0, 4: 0}",0
49,False,"{'a': 0.544206981514204, 'e': 0.6141598762237378}",20,0,-42.101506198332274,"{0: 17, 1: 1, 2: 0, 3: 1, 4: 1}",0
50,False,"{'a': 0.543119655239892, 'e': 0.6080488833507213}",30,0,-8.908262005820738,"{0: 24, 1: 4, 2: 2, 3: 0, 4: 0}",0
51,False,"{'a': 0.5414927378704143, 'e': 0.5989962148511054}",20,0,-130.20053945552246,"{0: 9, 1: 2, 2: 7, 3: 1, 4: 1}",0
52,False,"{'a': 0.5404108346585198, 'e': 0.5930361029297179}",20,8,-1.9487481672376743,"{0: 9, 1: 3, 2: 0, 3: 0, 4: 0}",1
53,False,"{'a': 0.5397627305971389, 'e': 0.5894885396446782}",25,0,-30.875184607680744,"{0: 20, 1: 1, 2: 3, 3: 1, 4: 0}",0
54,False,"{'a': 0.5384150091244251, 'e': 0.5821657953986414}",35,0,-79.11016052492752,"{0: 27, 1: 2, 2: 3, 3: 2, 4: 1}",0
55,False,"{'a': 0.5365338505403607, 'e': 0.5720665203762105}",20,6,-18.518200691661736,"{0: 9, 1: 3, 2: 2, 3: 0, 4: 0}",1
56,False,"{'a': 0.5357832287074888, 'e': 0.5680760377173407}",20,0,-38.59461568035484,"{0: 14, 1: 2, 2: 4, 3: 0, 4: 0}",0
57,False,"{'a': 0.5347127331025107, 'e': 0.5624235866989392}",30,22,0.30442208917378366,"{0: 7, 1: 0, 2: 1, 3: 0, 4: 0}",1
58,False,"{'a': 0.5342851339784835, 'e': 0.5601783857476466}",20,7,-82.61399902695456,"{0: 9, 1: 0, 2: 2, 3: 0, 4: 2}",1
59,False,"{'a': 0.533591014579676, 'e': 0.5565490344104649}",20,3,27.602843940644618,"{0: 17, 1: 0, 2: 0, 3: 0, 4: 0}",1
60,False,"{'a': 0.53268468045717, 'e': 0.5518384161075767}",20,9,-22.201411740798683,"{0: 7, 1: 1, 2: 3, 3: 0, 4: 0}",1
61,False,"{'a': 0.532099049464764, 'e': 0.5488116360940264}",20,0,-74.93005148988902,"{0: 12, 1: 4, 2: 3, 3: 0, 4: 1}",0
62,False,"{'a': 0.5310359148548226, 'e': 0.5433508690744998}",25,20,10.028761799193152,"{0: 5, 1: 0, 2: 0, 3: 0, 4: 0}",1
63,False,"{'a': 0.5307704632658228, 'e': 0.5419941884591871}",30,20,18.56678528626737,"{0: 10, 1: 0, 2: 0, 3: 0, 4: 0}",1
64,False,"{'a': 0.5302399580993489, 'e': 0.5392909811668016}",30,19,3.3070598077624913,"{0: 10, 1: 0, 2: 1, 3: 0, 4: 0}",1
65,False,"{'a': 0.5296570148230217, 'e': 0.5363330226129241}",25,0,-107.23301981315487,"{0: 18, 1: 1, 2: 3, 3: 1, 4: 2}",0
66,False,"{'a': 0.528334526085682, 'e': 0.5296705868043068}",25,9,-37.4880321475506,"{0: 13, 1: 1, 2: 1, 3: 0, 4: 1}",1
67,False,"{'a': 0.5274898667516061, 'e': 0.5254501264603461}",20,0,-60.02850498281221,"{0: 14, 1: 1, 2: 4, 3: 0, 4: 1}",0
68,False,"{'a': 0.5264359412948681, 'e': 0.5202218103455449}",25,0,-82.8219879204262,"{0: 21, 1: 0, 2: 1, 3: 1, 4: 2}",1
69,False,"{'a': 0.525121495183877, 'e': 0.5137595112299983}",30,18,-55.52576902423771,"{0: 9, 1: 0, 2: 1, 3: 1, 4: 1}",1
70,False,"{'a': 0.5244917273259433, 'e': 0.5106861833661879}",20,4,-13.662747310228118,"{0: 13, 1: 0, 2: 3, 3: 0, 4: 0}",1
71,False,"{'a': 0.5236532115537229, 'e': 0.5066169923655895}",20,6,-48.48017589646379,"{0: 10, 1: 1, 2: 2, 3: 0, 4: 1}",1
72,False,"{'a': 0.5229206099982947, 'e': 0.5030830566243506}",30,13,-68.67685693785928,"{0: 12, 1: 0, 2: 3, 3: 1, 4: 1}",1
73,False,"{'a': 0.5220324001535761, 'e': 0.4988249731350533}",25,15,15.621963500593779,"{0: 10, 1: 0, 2: 0, 3: 0, 4: 0}",1
74,False,"{'a': 0.521510628682639, 'e': 0.49633707320233256}",20,0,-38.14009787065485,"{0: 17, 1: 0, 2: 2, 3: 0, 4: 1}",1
75,False,"{'a': 0.5204686497515311, 'e': 0.491398436807518}",20,0,-25.101432447889604,"{0: 15, 1: 1, 2: 4, 3: 0, 4: 0}",0
76,False,"{'a': 0.5194287526957162, 'e': 0.48650894066588424}",25,0,41.30465055838943,"{0: 25, 1: 0, 2: 0, 3: 0, 4: 0}",0
77,False,"{'a': 0.518131802676995, 'e': 0.48046542954342225}",20,0,-44.261829160536706,"{0: 16, 1: 1, 2: 2, 3: 0, 4: 1}",0
78,False,"{'a': 0.5170965746447492, 'e': 0.4756847186416878}",25,0,-65.98518287348637,"{0: 21, 1: 1, 2: 1, 3: 0, 4: 2}",0
79,False,"{'a': 0.5158054477891687, 'e': 0.46977566816470884}",25,14,-6.829522269457786,"{0: 8, 1: 1, 2: 2, 3: 0, 4: 0}",1
80,False,"{'a': 0.5152383737445051, 'e': 0.4671989943381879}",25,19,9.422860020550068,"{0: 6, 1: 0, 2: 0, 3: 0, 4: 0}",1
81,False,"{'a': 0.51492932344462, 'e': 0.46579949764982825}",30,21,19.115832400661088,"{0: 9, 1: 0, 2: 0, 3: 0, 4: 0}",1
82,False,"{'a': 0.5144660955373459, 'e': 0.46370810906393933}",20,3,11.515800921354574,"{0: 14, 1: 3, 2: 0, 3: 0, 4: 0}",1
83,False,"{'a': 0.5135922461573574, 'e': 0.4597832942305652}",25,0,-3.370282858189321,"{0: 20, 1: 4, 2: 1, 3: 0, 4: 0}",0
84,False,"{'a': 0.512309869181089, 'e': 0.4540717744200527}",25,0,-138.7634940236965,"{0: 16, 1: 2, 2: 3, 3: 2, 4: 2}",0
85,False,"{'a': 0.5110306941431706, 'e': 0.4484312042481095}",30,11,-28.30034673584835,"{0: 16, 1: 1, 2: 1, 3: 0, 4: 1}",1
86,False,"{'a': 0.5100606576507857, 'e': 0.4441912793387924}",25,3,-36.21686492365811,"{0: 15, 1: 3, 2: 4, 3: 0, 4: 0}",1
87,False,"{'a': 0.5089397576460555, 'e': 0.43933195057241364}",25,0,-32.48687548986341,"{0: 22, 1: 0, 2: 2, 3: 0, 4: 1}",0
88,False,"{'a': 0.507668997364147, 'e': 0.4338744814329909}",20,7,8.532903222344531,"{0: 12, 1: 0, 2: 1, 3: 0, 4: 0}",1
89,False,"{'a': 0.5070094564620452, 'e': 0.4310634430755288}",25,11,23.20524772962517,"{0: 14, 1: 0, 2: 0, 3: 0, 4: 0}",1
90,False,"{'a': 0.5063001398604745, 'e': 0.4280565354289593}",20,1,5.345853540047149,"{0: 16, 1: 2, 2: 1, 3: 0, 4: 0}",1
91,False,"{'a': 0.5053390828879815, 'e': 0.4240092533710473}",20,12,15.611738359115618,"{0: 8, 1: 0, 2: 0, 3: 0, 4: 0}",1
92,False,"{'a': 0.5049349732870639, 'e': 0.42231660391334386}",20,9,-33.56967184853736,"{0: 9, 1: 0, 2: 1, 3: 0, 4: 1}",1
93,False,"{'a': 0.5043798501901264, 'e': 0.42000023843605133}",20,0,-65.22761453964716,"{0: 15, 1: 0, 2: 4, 3: 0, 4: 1}",0
94,False,"{'a': 0.5033720985772762, 'e': 0.41582116623822357}",20,0,-4.450817644368397,"{0: 17, 1: 2, 2: 1, 3: 0, 4: 0}",0
95,False,"{'a': 0.5023663604534915, 'e': 0.41168367650353843}",20,10,-63.538037378967566,"{0: 6, 1: 1, 2: 1, 3: 1, 4: 1}",1
96,False,"{'a': 0.5018642451925114, 'e': 0.409630395600944}",35,23,19.775065372865228,"{0: 12, 1: 0, 2: 0, 3: 0, 4: 0}",1
97,False,"{'a': 0.5012623692960434, 'e': 0.40717997184985844}",20,8,14.400430769807725,"{0: 11, 1: 1, 2: 0, 3: 0, 4: 0}",1
98,False,"{'a': 0.5006612152174738, 'e': 0.404744206621735}",30,18,-0.9242559602912765,"{0: 11, 1: 0, 2: 0, 3: 1, 4: 0}",1
99,False,"{'a': 0.5000607820911405, 'e': 0.4023230122287623}",20,15,-13.918719652355712,"{0: 4, 1: 0, 2: 0, 3: 1, 4: 0}",1
100,False,"{'a': 0.4998108141972761, 'e': 0.4013184609105419}",20,0,-35.41133408884558,"{0: 17, 1: 0, 2: 2, 3: 0, 4: 1}",0
101,False,"{'a': 0.49881219152442857, 'e': 0.397325275504954}",20,15,8.591008842973176,"{0: 5, 1: 0, 2: 0, 3: 0, 4: 0}",1
102,False,"{'a': 0.49856284776979964, 'e': 0.39633320292362273}",20,0,-49.245048048292276,"{0: 15, 1: 2, 2: 2, 3: 0, 4: 1}",0
103,False,"{'a': 0.49756671853553736, 'e': 0.392389621663808}",30,19,-2.0192851187210925,"{0: 10, 1: 0, 2: 0, 3: 1, 4: 0}",1
104,False,"{'a': 0.4970196960626665, 'e': 0.39023740277199187}",25,10,0.6418851079311114,"{0: 12, 1: 2, 2: 1, 3: 0, 4: 0}",1
105,False,"{'a': 0.4962747253862618, 'e': 0.38732157029095776}",25,9,10.354207770000587,"{0: 14, 1: 1, 2: 1, 3: 0, 4: 0}",1
106,False,"{'a': 0.4954813207186375, 'e': 0.38423535903343603}",20,0,17.19491941995247,"{0: 19, 1: 0, 2: 1, 3: 0, 4: 0}",0
107,False,"{'a': 0.4944913483795301, 'e': 0.3804121533316052}",35,7,-49.72714890200277,"{0: 23, 1: 1, 2: 2, 3: 1, 4: 1}",1
108,False,"{'a': 0.49310870920223976, 'e': 0.3751234902080432}",20,0,9.05786202093432,"{0: 17, 1: 3, 2: 0, 3: 0, 4: 0}",0
109,False,"{'a': 0.492123477344104, 'e': 0.37139094911588083}",20,13,-5.7696501552343165,"{0: 5, 1: 1, 2: 1, 3: 0, 4: 0}",1
110,False,"{'a': 0.4917791114520869, 'e': 0.37009335291196127}",20,2,-5.771001120695345,"{0: 15, 1: 2, 2: 1, 3: 0, 4: 0}",1
111,False,"{'a': 0.4908947052558395, 'e': 0.3667774566511966}",25,16,3.514468507482153,"{0: 8, 1: 0, 2: 1, 3: 0, 4: 0}",1
112,False,"{'a': 0.4904530987738346, 'e': 0.3651306661538433}",20,0,-5.38189113827499,"{0: 17, 1: 0, 2: 3, 3: 0, 4: 0}",0
113,False,"{'a': 0.4894731728288738, 'e': 0.3614975553223355}",25,17,-9.803919592571125,"{0: 7, 1: 0, 2: 0, 3: 1, 4: 0}",1
114,False,"{'a': 0.48908175088026606, 'e': 0.36005445322936774}",25,12,-2.852651612735132,"{0: 11, 1: 0, 2: 2, 3: 0, 4: 0}",1
115,False,"{'a': 0.48844635769917394, 'e': 0.3577216889804542}",35,25,-35.26338351533997,"{0: 8, 1: 0, 2: 1, 3: 0, 4: 1}",1
116,False,"{'a': 0.48795815548326615, 'e': 0.35593754461343535}",20,0,6.894934278299755,"{0: 18, 1: 1, 2: 1, 3: 0, 4: 0}",1
117,False,"{'a': 0.48698321443832493, 'e': 0.35239590686961875}",25,12,16.189187699353518,"{0: 12, 1: 0, 2: 1, 3: 0, 4: 0}",1
118,False,"{'a': 0.4863505475821122, 'e': 0.3501127617352208}",25,0,36.097541904490946,"{0: 25, 1: 0, 2: 0, 3: 0, 4: 0}",0
119,False,"{'a': 0.48513618979287143, 'e': 0.34576359115930777}",25,11,0.3430086903832483,"{0: 12, 1: 0, 2: 2, 3: 0, 4: 0}",1
120,False,"{'a': 0.4844574743388361, 'e': 0.3433516974975665}",20,10,9.34627781144815,"{0: 9, 1: 0, 2: 1, 3: 0, 4: 0}",1
121,False,"{'a': 0.4839732590125117, 'e': 0.34163922376206945}",25,0,-41.723670390658484,"{0: 21, 1: 1, 2: 2, 3: 0, 4: 1}",0
122,False,"{'a': 0.48276483702185513, 'e': 0.33739531316538157}",20,14,12.105654539419161,"{0: 6, 1: 0, 2: 0, 3: 0, 4: 0}",1
123,False,"{'a': 0.48247526499993576, 'e': 0.33638464398765383}",20,14,1.667206785299992,"{0: 5, 1: 0, 2: 1, 3: 0, 4: 0}",1
124,False,"{'a': 0.482185866669117, 'e': 0.3353770022739925}",20,0,-34.808614242430835,"{0: 17, 1: 0, 2: 2, 3: 0, 4: 1}",0
125,False,"{'a': 0.4812224586649189, 'e': 0.33203994534466064}",20,9,-74.04960560664267,"{0: 5, 1: 1, 2: 4, 3: 0, 4: 1}",1
126,False,"{'a': 0.4806934049932532, 'e': 0.3302187385548933}",20,0,-4.026406717354214,"{0: 16, 1: 2, 2: 2, 3: 0, 4: 0}",0
127,False,"{'a': 0.4797329789294725, 'e': 0.3269330072071321}",25,8,1.0446239300481992,"{0: 14, 1: 2, 2: 1, 3: 0, 4: 0}",1
128,False,"{'a': 0.4789181256867925, 'e': 0.3241658537087894}",25,0,-11.945549485294109,"{0: 20, 1: 2, 2: 3, 3: 0, 4: 0}",0
129,False,"{'a': 0.4777223257453147, 'e': 0.3201390008009476}",25,10,-40.026296883179576,"{0: 13, 1: 0, 2: 0, 3: 1, 4: 1}",1
130,False,"{'a': 0.4770062794256952, 'e': 0.3177469397367071}",30,21,16.899092401722804,"{0: 9, 1: 0, 2: 0, 3: 0, 4: 0}",1
131,False,"{'a': 0.476577166903812, 'e': 0.3163202908752992}",20,7,-1.331175190120101,"{0: 11, 1: 0, 2: 2, 3: 0, 4: 0}",1
132,False,"{'a': 0.47595801912009306, 'e': 0.31427087679600785}",20,1,18.628311290537404,"{0: 18, 1: 0, 2: 1, 3: 0, 4: 0}",1
133,False,"{'a': 0.47505455744414843, 'e': 0.3112994401382165}",20,7,10.121142366081148,"{0: 12, 1: 0, 2: 1, 3: 0, 4: 0}",1
134,False,"{'a': 0.47443738776667943, 'e': 0.3092825557526799}",25,0,24.68645686915441,"{0: 24, 1: 1, 2: 0, 3: 0, 4: 0}",0
135,False,"{'a': 0.4732527756793573, 'e': 0.3054405861413579}",25,3,-30.383475766994458,"{0: 19, 1: 0, 2: 2, 3: 0, 4: 1}",1
136,False,"{'a': 0.47221276400517564, 'e': 0.3020991512782834}",25,8,-34.66936200571734,"{0: 13, 1: 0, 2: 3, 3: 1, 4: 0}",1
137,False,"{'a': 0.4714106842673116, 'e': 0.29954219096874685}",30,20,13.041719963174442,"{0: 9, 1: 1, 2: 0, 3: 0, 4: 0}",1
138,False,"{'a': 0.47093950920983757, 'e': 0.29804821805862064}",20,9,-1.5786143648317887,"{0: 9, 1: 1, 2: 1, 3: 0, 4: 0}",1
139,False,"{'a': 0.47042176056366847, 'e': 0.2964134525853191}",20,12,1.2300874584680717,"{0: 7, 1: 0, 2: 1, 3: 0, 4: 0}",1
140,False,"{'a': 0.4700455736500463, 'e': 0.2952301669240142}",20,16,6.783375129682228,"{0: 4, 1: 0, 2: 0, 3: 0, 4: 0}",1
141,False,"{'a': 0.4698575930192188, 'e': 0.29464029665705654}",20,0,-101.95435240883201,"{0: 13, 1: 3, 2: 2, 3: 0, 4: 2}",1
142,False,"{'a': 0.4689188169222028, 'e': 0.2917085767211244}",30,14,26.304991406688046,"{0: 16, 1: 0, 2: 0, 3: 0, 4: 0}",1
143,False,"{'a': 0.46816914671122567, 'e': 0.2893842179390506}",20,7,2.659767667301389,"{0: 11, 1: 1, 2: 1, 3: 0, 4: 0}",1
144,False,"{'a': 0.46756092225205775, 'e': 0.28750932054018974}",30,9,-35.76345904033005,"{0: 16, 1: 3, 2: 1, 3: 0, 4: 1}",1
145,False,"{'a': 0.4665800745658605, 'e': 0.2845062662997899}",20,6,26.941170078745042,"{0: 14, 1: 0, 2: 0, 3: 0, 4: 0}",1
146,False,"{'a': 0.4659273194966334, 'e': 0.2825216766033636}",20,8,9.341874384220912,"{0: 11, 1: 0, 2: 1, 3: 0, 4: 0}",1
147,False,"{'a': 0.4653685420467607, 'e': 0.2808316217783798}",20,8,25.513299805960386,"{0: 12, 1: 0, 2: 0, 3: 0, 4: 0}",1
148,False,"{'a': 0.46481043472766886, 'e': 0.27915167692210985}",25,12,-19.728339169282386,"{0: 12, 1: 0, 2: 0, 3: 0, 4: 1}",1
149,False,"{'a': 0.4642065737571975, 'e': 0.2773430753450219}",20,8,-9.029992592603879,"{0: 10, 1: 0, 2: 1, 3: 1, 4: 0}",1
150,False,"{'a': 0.4636498599637705, 'e': 0.27568399909891583}",20,16,6.713988682208392,"{0: 4, 1: 0, 2: 0, 3: 0, 4: 0}",1
151,False,"{'a': 0.4634644371068287, 'e': 0.27513318210132126}",30,14,16.2837357551517,"{0: 15, 1: 0, 2: 1, 3: 0, 4: 0}",1
152,False,"{'a': 0.46272348692567206, 'e': 0.2729408974751874}",25,7,1.4052885498683616,"{0: 15, 1: 1, 2: 2, 3: 0, 4: 0}",1
153,False,"{'a': 0.4618913338116898, 'e': 0.27049545041642054}",25,4,30.035680046205567,"{0: 21, 1: 0, 2: 0, 3: 0, 4: 0}",1
154,False,"{'a': 0.46092237976852113, 'e': 0.26767010719674456}",20,0,0.6216489548778763,"{0: 18, 1: 0, 2: 1, 3: 1, 4: 0}",0
155,False,"{'a': 0.4600014562394876, 'e': 0.2650067451297589}",20,6,21.35759765980527,"{0: 14, 1: 0, 2: 0, 3: 0, 4: 0}",1
156,False,"{'a': 0.4593579047918791, 'e': 0.2631581754560287}",30,8,-16.320471860880893,"{0: 19, 1: 0, 2: 1, 3: 2, 4: 0}",1
157,False,"{'a': 0.45834842823270755, 'e': 0.2602792983785571}",20,12,-26.022832205546987,"{0: 7, 1: 0, 2: 0, 3: 0, 4: 1}",1
158,False,"{'a': 0.45798189612251383, 'e': 0.2592402606458915}",20,0,-59.45759466759856,"{0: 17, 1: 1, 2: 0, 3: 0, 4: 2}",1
159,False,"{'a': 0.45706684768372374, 'e': 0.2566607769535559}",20,0,-29.95027112677767,"{0: 15, 1: 1, 2: 3, 3: 1, 4: 0}",0
160,False,"{'a': 0.45615362751293376, 'e': 0.25410695955280027}",20,2,25.765018248097938,"{0: 18, 1: 0, 2: 0, 3: 0, 4: 0}",1
161,False,"{'a': 0.4553332895091052, 'e': 0.25183025744403303}",20,7,11.209960298832836,"{0: 12, 1: 0, 2: 1, 3: 0, 4: 0}",1
162,False,"{'a': 0.45474174082269925, 'e': 0.2501986691770608}",20,13,13.263685051537536,"{0: 7, 1: 0, 2: 0, 3: 0, 4: 0}",1
163,False,"{'a': 0.4544235329898584, 'e': 0.2493245045154751}",20,4,6.846945712025352,"{0: 14, 1: 0, 2: 2, 3: 0, 4: 0}",1
164,False,"{'a': 0.45369703668910105, 'e': 0.24733786563028812}",20,15,7.6603028424143815,"{0: 5, 1: 0, 2: 0, 3: 0, 4: 0}",1
165,False,"{'a': 0.45347024487343524, 'e': 0.24672029325333586}",20,13,13.523205539690926,"{0: 7, 1: 0, 2: 0, 3: 0, 4: 0}",1
166,False,"{'a': 0.453152926776315, 'e': 0.2458582816272648}",25,0,-7.085028913718188,"{0: 21, 1: 0, 2: 4, 3: 0, 4: 0}",0
167,False,"{'a': 0.4520214593829218, 'e': 0.24280418100265946}",25,8,30.459585548801442,"{0: 17, 1: 0, 2: 0, 3: 0, 4: 0}",1
168,False,"{'a': 0.4512536757030067, 'e': 0.24074909196587688}",25,16,-6.871896118776215,"{0: 8, 1: 0, 2: 0, 3: 1, 4: 0}",1
169,False,"{'a': 0.45084773009779766, 'e': 0.23966815498431943}",20,11,-0.8838217903901477,"{0: 7, 1: 1, 2: 1, 3: 0, 4: 0}",1
170,False,"{'a': 0.45044214967927465, 'e': 0.2385920712910904}",25,13,12.439586393537978,"{0: 11, 1: 0, 2: 1, 3: 0, 4: 0}",1
171,False,"{'a': 0.44990194328831884, 'e': 0.23716480494418105}",20,0,-35.95427006438475,"{0: 17, 1: 0, 2: 2, 3: 0, 4: 1}",0
172,False,"{'a': 0.44900303860605933, 'e': 0.2348049757061403}",20,0,6.911086590985979,"{0: 18, 1: 1, 2: 1, 3: 0, 4: 0}",0
173,False,"{'a': 0.4481059299365529, 'e': 0.23246862716134165}",35,20,-24.18908679803396,"{0: 13, 1: 0, 2: 1, 3: 0, 4: 1}",1
174,False,"{'a': 0.44743427490885423, 'e': 0.23073163432292196}",25,7,25.447518780749924,"{0: 17, 1: 1, 2: 0, 3: 0, 4: 0}",1
175,False,"{'a': 0.44662961762283315, 'e': 0.22866436627427508}",35,25,17.68838947427434,"{0: 10, 1: 0, 2: 0, 3: 0, 4: 0}",1
176,False,"{'a': 0.44618321124559945, 'e': 0.22752389798959005}",20,6,12.079650187376131,"{0: 13, 1: 0, 2: 1, 3: 0, 4: 0}",1
177,False,"{'a': 0.4455589918054196, 'e': 0.22593679205511083}",25,0,39.010440024755574,"{0: 25, 1: 0, 2: 0, 3: 0, 4: 0}",0
178,False,"{'a': 0.4444464855381704, 'e': 0.22313016014842982}",25,0,4.632779412042003,"{0: 21, 1: 1, 2: 3, 3: 0, 4: 0}",0
179,False,"{'a': 0.44333675706290254, 'e': 0.22035839278323385}",20,15,8.15797631753592,"{0: 5, 1: 0, 2: 0, 3: 0, 4: 0}",1
180,False,"{'a': 0.44311514409223074, 'e': 0.21980818484776168}",20,12,14.87504178739273,"{0: 8, 1: 0, 2: 0, 3: 0, 4: 0}",1
181,False,"{'a': 0.44276079373599814, 'e': 0.2189307082315715}",30,10,29.6786622715897,"{0: 19, 1: 1, 2: 0, 3: 0, 4: 0}",1
182,False,"{'a': 0.44187615708006095, 'e': 0.216752311287255}",20,0,-16.755458256810115,"{0: 17, 1: 0, 2: 2, 3: 1, 4: 0}",0
183,False,"{'a': 0.4409932879293412, 'e': 0.21459558975469478}",20,8,12.805177970817862,"{0: 11, 1: 1, 2: 0, 3: 0, 4: 0}",1
184,False,"{'a': 0.44046441337202535, 'e': 0.21331187122291523}",20,14,11.52956779630909,"{0: 6, 1: 0, 2: 0, 3: 0, 4: 0}",1
185,False,"{'a': 0.4402002139917422, 'e': 0.21267289455348304}",20,2,17.81585232291608,"{0: 17, 1: 0, 2: 1, 3: 0, 4: 0}",1
186,False,"{'a': 0.4394085663032216, 'e': 0.2107674259730094}",20,16,7.589304269997834,"{0: 4, 1: 0, 2: 0, 3: 0, 4: 0}",1
187,False,"{'a': 0.43923283802469903, 'e': 0.21034631237503254}",25,15,18.381887041900654,"{0: 10, 1: 0, 2: 0, 3: 0, 4: 0}",1
188,False,"{'a': 0.4387938247299062, 'e': 0.20929720576531952}",25,5,30.847371553875302,"{0: 20, 1: 0, 2: 0, 3: 0, 4: 0}",1
189,False,"{'a': 0.43791711408332984, 'e': 0.20721466377212}",20,14,11.927679671110772,"{0: 6, 1: 0, 2: 0, 3: 0, 4: 0}",1
190,False,"{'a': 0.43765444262419767, 'e': 0.20659395131502356}",20,0,27.75676086582343,"{0: 20, 1: 0, 2: 0, 3: 0, 4: 0}",0
191,False,"{'a': 0.4367800084645869, 'e': 0.2045383071530228}",35,24,18.050296701983584,"{0: 11, 1: 0, 2: 0, 3: 0, 4: 0}",1
192,False,"{'a': 0.4362998146103153, 'e': 0.20341643444169002}",20,9,7.915835920216896,"{0: 10, 1: 0, 2: 1, 3: 0, 4: 0}",1
193,False,"{'a': 0.4358201486788726, 'e': 0.2023007150930107}",25,4,34.57003376246101,"{0: 21, 1: 0, 2: 0, 3: 0, 4: 0}",1
194,False,"{'a': 0.4349058866777394, 'e': 0.20018767048230202}",20,10,20.828032881253556,"{0: 10, 1: 0, 2: 0, 3: 0, 4: 0}",1
195,False,"{'a': 0.43447119817153873, 'e': 0.1991892303104031}",35,22,12.469620669239799,"{0: 12, 1: 0, 2: 1, 3: 0, 4: 0}",1
196,False,"{'a': 0.433906752583041, 'e': 0.19789869908361465}",20,10,21.241211659557386,"{0: 10, 1: 0, 2: 0, 3: 0, 4: 0}",1
197,False,"{'a': 0.4334730627115346, 'e': 0.19691167520419406}",25,8,19.473872787445924,"{0: 16, 1: 0, 2: 1, 3: 0, 4: 0}",1
198,False,"{'a': 0.43273678451870917, 'e': 0.19524501928725083}",20,11,16.310879106819336,"{0: 9, 1: 0, 2: 0, 3: 0, 4: 0}",1
199,False,"{'a': 0.4323474966184744, 'e': 0.19436839059432767}",35,17,20.506479828670347,"{0: 17, 1: 0, 2: 1, 3: 0, 4: 0}",1
200,False,"{'a': 0.43156997110745293, 'e': 0.19262692343607832}",20,10,18.729017886060532,"{0: 10, 1: 0, 2: 0, 3: 0, 4: 0}",1
201,False,"{'a': 0.4311386168494207, 'e': 0.19166619264739126}",25,7,30.360194571748472,"{0: 18, 1: 0, 2: 0, 3: 0, 4: 0}",1
202,False,"{'a': 0.4303632653647728, 'e': 0.18994893615922714}",20,12,2.6096495532454345,"{0: 7, 1: 0, 2: 1, 3: 0, 4: 0}",1
203,False,"{'a': 0.4300191124320089, 'e': 0.18919065798198204}",25,11,21.050068229161617,"{0: 13, 1: 1, 2: 0, 3: 0, 4: 0}",1
204,False,"{'a': 0.429417506896741, 'e': 0.18787094775072993}",20,12,17.06129592306623,"{0: 8, 1: 0, 2: 0, 3: 0, 4: 0}",1
205,False,"{'a': 0.4290741102681895, 'e': 0.1871209649253546}",30,19,8.264082115751702,"{0: 10, 1: 0, 2: 1, 3: 0, 4: 0}",1
206,False,"{'a': 0.42860238824157443, 'e': 0.18609462464127785}",20,11,2.429370012417909,"{0: 8, 1: 0, 2: 1, 3: 0, 4: 0}",1
207,False,"{'a': 0.42821681962406083, 'e': 0.18525908021533122}",30,19,15.507725809396135,"{0: 10, 1: 0, 2: 1, 3: 0, 4: 0}",1
208,False,"{'a': 0.4277460400986836, 'e': 0.18424295218771095}",25,15,17.62076728405053,"{0: 10, 1: 0, 2: 0, 3: 0, 4: 0}",1
209,False,"{'a': 0.4273185078603317, 'e': 0.18332403663007307}",20,6,20.249667125989454,"{0: 14, 1: 0, 2: 0, 3: 0, 4: 0}",1
210,False,"{'a': 0.42672068052610634, 'e': 0.18204524935085034}",20,8,-0.4270095586269431,"{0: 10, 1: 0, 2: 2, 3: 0, 4: 0}",1
211,False,"{'a': 0.4262089228255063, 'e': 0.1809562481254232}",25,9,-30.723039179501455,"{0: 13, 1: 1, 2: 1, 3: 0, 4: 1}",1
212,False,"{'a': 0.42552753380556446, 'e': 0.17951437332959386}",30,14,2.805780368183935,"{0: 15, 1: 0, 2: 0, 3: 1, 4: 0}",1
213,False,"{'a': 0.4248472341363415, 'e': 0.17808398751493196}",20,11,14.372562216343688,"{0: 9, 1: 0, 2: 0, 3: 0, 4: 0}",1
214,False,"{'a': 0.4244650436371413, 'e': 0.17728440996987782}",20,10,-8.095920841885375,"{0: 8, 1: 0, 2: 2, 3: 0, 4: 0}",1
215,False,"{'a': 0.4240407907552995, 'e': 0.17640020028634}",25,19,-10.011279552864991,"{0: 5, 1: 0, 2: 0, 3: 1, 4: 0}",1
216,False,"{'a': 0.42378644259292547, 'e': 0.17587179269317638}",30,19,10.5345608454358,"{0: 10, 1: 1, 2: 0, 3: 0, 4: 0}",1
217,False,"{'a': 0.423320533802887, 'e': 0.1749071530241483}",20,16,8.185058332654194,"{0: 4, 1: 0, 2: 0, 3: 0, 4: 0}",1
218,False,"{'a': 0.42315123945049354, 'e': 0.1745576882993131}",25,18,-28.88368362285359,"{0: 6, 1: 0, 2: 0, 3: 0, 4: 1}",1
219,False,"{'a': 0.4228551372307459, 'e': 0.17394780430983683}",30,21,1.3137864644387016,"{0: 8, 1: 0, 2: 1, 3: 0, 4: 0}",1
220,False,"{'a': 0.4224747388122035, 'e': 0.17316679777309835}",35,18,-0.5392676046748894,"{0: 14, 1: 1, 2: 2, 3: 0, 4: 0}",1
221,False,"{'a': 0.4217571418864309, 'e': 0.17170111795585358}",20,2,13.660872100287204,"{0: 17, 1: 0, 2: 1, 3: 0, 4: 0}",1
222,False,"{'a': 0.42099866186784163, 'e': 0.1701627409746967}",25,9,11.149593152683591,"{0: 14, 1: 1, 2: 1, 3: 0, 4: 0}",1
223,False,"{'a': 0.42032560259985347, 'e': 0.1688068697630511}",25,15,7.784189907765796,"{0: 9, 1: 0, 2: 1, 3: 0, 4: 0}",1
224,False,"{'a': 0.4199054870900181, 'e': 0.16796494198768974}",20,16,7.117660828222984,"{0: 4, 1: 0, 2: 0, 3: 0, 4: 0}",1
225,False,"{'a': 0.4197375584831426, 'e': 0.167629347809757}",25,2,-6.33394044444013,"{0: 22, 1: 0, 2: 0, 3: 0, 4: 1}",1
226,False,"{'a': 0.4187732714538049, 'e': 0.16571265243190123}",20,12,-69.04083574876694,"{0: 6, 1: 0, 2: 0, 3: 0, 4: 2}",1
227,False,"{'a': 0.41843838680836054, 'e': 0.16505112575755762}",30,16,24.468934529012582,"{0: 14, 1: 0, 2: 0, 3: 0, 4: 0}",1
228,False,"{'a': 0.417852982945149, 'e': 0.163899802210902}",25,0,-4.750641824016471,"{0: 21, 1: 1, 2: 3, 3: 0, 4: 0}",0
229,False,"{'a': 0.4168096551908788, 'e': 0.16186380616882481}",20,14,11.94806051452297,"{0: 6, 1: 0, 2: 0, 3: 0, 4: 0}",1
230,False,"{'a': 0.41655964440849935, 'e': 0.16137894240960493}",25,11,25.064894110715016,"{0: 14, 1: 0, 2: 0, 3: 0, 4: 0}",1
231,False,"{'a': 0.415976868944339, 'e': 0.16025323438745256}",20,9,19.773789979982677,"{0: 11, 1: 0, 2: 0, 3: 0, 4: 0}",1
232,False,"{'a': 0.41551954596225377, 'e': 0.1593742609909064}",20,5,17.618738843610164,"{0: 14, 1: 1, 2: 0, 3: 0, 4: 0}",1
233,False,"{'a': 0.4148967338691575, 'e': 0.15818342524954201}",25,16,12.842483158738547,"{0: 9, 1: 0, 2: 0, 3: 0, 4: 0}",1
234,False,"{'a': 0.41452349479145384, 'e': 0.15747319904338924}",30,20,17.92137102864634,"{0: 10, 1: 0, 2: 0, 3: 0, 4: 0}",1
235,False,"{'a': 0.41410917848933976, 'e': 0.15668779818656545}",30,6,19.96541527686052,"{0: 22, 1: 0, 2: 2, 3: 0, 4: 0}",1
236,False,"{'a': 0.41311650814186407, 'e': 0.15481878113876424}",25,16,19.181910243441255,"{0: 9, 1: 0, 2: 0, 3: 0, 4: 0}",1
237,False,"{'a': 0.41274487054653985, 'e': 0.1541236618151314}",20,2,-31.285266765674496,"{0: 15, 1: 1, 2: 1, 3: 0, 4: 1}",1
238,False,"{'a': 0.4120025980252388, 'e': 0.15274277218313168}",25,12,13.58969125438793,"{0: 12, 1: 0, 2: 1, 3: 0, 4: 0}",1
239,False,"{'a': 0.4114673426391887, 'e': 0.15175316387518561}",20,8,1.1451257547854825,"{0: 11, 1: 0, 2: 0, 3: 1, 4: 0}",1
240,False,"{'a': 0.4109738779660414, 'e': 0.1508453709939552}",20,2,14.35351977485095,"{0: 17, 1: 0, 2: 1, 3: 0, 4: 0}",1
241,False,"{'a': 0.4102347903640978, 'e': 0.1494938536059855}",25,9,5.139234135051192,"{0: 15, 1: 0, 2: 0, 3: 1, 4: 0}",1
242,False,"{'a': 0.4095789395201053, 'e': 0.14830267384911702}",20,7,3.2615326413988983,"{0: 11, 1: 1, 2: 1, 3: 0, 4: 0}",1
243,False,"{'a': 0.4090468328430077, 'e': 0.14734183258616193}",25,10,14.736678273857706,"{0: 14, 1: 1, 2: 0, 3: 0, 4: 0}",1
244,False,"{'a': 0.40843372254142757, 'e': 0.14624090249023045}",20,15,-10.722284878627878,"{0: 4, 1: 0, 2: 0, 3: 1, 4: 0}",1
245,False,"{'a': 0.4082295567258642, 'e': 0.14587575685622736}",20,6,26.723903441593446,"{0: 14, 1: 0, 2: 0, 3: 0, 4: 0}",1
246,False,"{'a': 0.40765843522478185, 'e': 0.14485819218961926}",25,17,1.9779899363054079,"{0: 7, 1: 0, 2: 1, 3: 0, 4: 0}",1
247,False,"{'a': 0.4073324388925214, 'e': 0.14427991674278817}",25,3,34.68424329812965,"{0: 22, 1: 0, 2: 0, 3: 0, 4: 0}",1
248,False,"{'a': 0.4064372925489781, 'e': 0.14270153467530902}",30,12,26.5788653085963,"{0: 17, 1: 1, 2: 0, 3: 0, 4: 0}",1
249,False,"{'a': 0.40570636345592453, 'e': 0.14142298297609007}",25,15,-41.694769635937895,"{0: 8, 1: 0, 2: 0, 3: 1, 4: 1}",1
250,False,"{'a': 0.4053008598780495, 'e': 0.14071763290586387}",25,18,16.729222189091054,"{0: 7, 1: 0, 2: 0, 3: 0, 4: 0}",1
251,False,"{'a': 0.4050172485516799, 'e': 0.14022598208152937}",20,0,28.731836295464667,"{0: 20, 1: 0, 2: 0, 3: 0, 4: 0}",0
252,False,"{'a': 0.40420802354932056, 'e': 0.13883071024713198}",30,4,41.35089478270746,"{0: 26, 1: 0, 2: 0, 3: 0, 4: 0}",1
253,False,"{'a': 0.40315844772792114, 'e': 0.13703759153854245}",25,13,20.246348574800653,"{0: 12, 1: 0, 2: 0, 3: 0, 4: 0}",1
254,False,"{'a': 0.4026749477486552, 'e': 0.13621782773999674}",20,16,8.55696786479761,"{0: 4, 1: 0, 2: 0, 3: 0, 4: 0}",1
255,False,"{'a': 0.4025139099792568, 'e': 0.13594566433863925}",25,18,14.229123502469939,"{0: 7, 1: 0, 2: 0, 3: 0, 4: 0}",1
256,False,"{'a': 0.4022322488351729, 'e': 0.13547068621005243}",25,10,6.800171509989306,"{0: 13, 1: 0, 2: 2, 3: 0, 4: 0}",1
257,False,"{'a': 0.4016293527470292, 'e': 0.13445845666907724}",20,16,7.510633647431708,"{0: 4, 1: 0, 2: 0, 3: 0, 4: 0}",1
258,False,"{'a': 0.40146873313199505, 'e': 0.13418980849346404}",25,19,-0.9907751267047038,"{0: 5, 1: 0, 2: 1, 3: 0, 4: 0}",1
259,False,"{'a': 0.4012279241420371, 'e': 0.1337878423187204}",25,14,9.984200349673223,"{0: 10, 1: 0, 2: 1, 3: 0, 4: 0}",1
260,False,"{'a': 0.4007868160793937, 'e': 0.13305402902235253}",20,11,9.657466162723512,"{0: 8, 1: 1, 2: 0, 3: 0, 4: 0}",1
261,False,"{'a': 0.4004262702148981, 'e': 0.13245663104530903}",25,14,19.310539933912473,"{0: 11, 1: 0, 2: 0, 3: 0, 4: 0}",1
262,False,"{'a': 0.39998604348675176, 'e': 0.13173011931323708}",35,19,27.66738136906496,"{0: 16, 1: 0, 2: 0, 3: 0, 4: 0}",1
263,False,"{'a': 0.3993465775263606, 'e': 0.13068048250402503}",20,13,4.239349508652321,"{0: 6, 1: 1, 2: 0, 3: 0, 4: 0}",1
264,False,"{'a': 0.3990671327391784, 'e': 0.1302239003002119}",30,19,14.913440221997925,"{0: 10, 1: 1, 2: 0, 3: 0, 4: 0}",1
265,False,"{'a': 0.3986284002402785, 'e': 0.12950963487901218}",20,15,10.13817333227632,"{0: 5, 1: 0, 2: 0, 3: 0, 4: 0}",1
266,False,"{'a': 0.3984291358604047, 'e': 0.12918626517236967}",25,18,12.82872803941572,"{0: 7, 1: 0, 2: 0, 3: 0, 4: 0}",1
267,False,"{'a': 0.39815033305766784, 'e': 0.12873490358780423}",30,10,-25.906271528570535,"{0: 17, 1: 0, 2: 2, 3: 0, 4: 1}",1
268,False,"{'a': 0.3973548281616168, 'e': 0.12745396989482075}",20,12,4.785617172662779,"{0: 7, 1: 0, 2: 1, 3: 0, 4: 0}",1
269,False,"{'a': 0.3970370714187317, 'e': 0.12694517228885002}",35,15,29.042447859450974,"{0: 20, 1: 0, 2: 0, 3: 0, 4: 0}",1
270,False,"{'a': 0.3962437908209189, 'e': 0.1256820467198355}",20,9,20.648652201410492,"{0: 11, 1: 0, 2: 0, 3: 0, 4: 0}",1
271,False,"{'a': 0.3958081622906334, 'e': 0.12499269292356129}",30,22,13.885650477330259,"{0: 8, 1: 0, 2: 0, 3: 0, 4: 0}",1
272,False,"{'a': 0.39549164238564394, 'e': 0.12449372076148724}",25,9,27.4719484518029,"{0: 16, 1: 0, 2: 0, 3: 0, 4: 0}",1
273,False,"{'a': 0.3948593617172482, 'e': 0.12350174419220851}",20,14,11.361556034604686,"{0: 6, 1: 0, 2: 0, 3: 0, 4: 0}",1
274,False,"{'a': 0.39462251716069013, 'e': 0.12313179416213946}",20,9,5.093654930530969,"{0: 9, 1: 2, 2: 0, 3: 0, 4: 0}",1
275,False,"{'a': 0.39418867105091987, 'e': 0.1224564282529819}",25,4,-59.54070511317934,"{0: 18, 1: 0, 2: 1, 3: 0, 4: 2}",1
276,False,"{'a': 0.3933617434196217, 'e': 0.1211773626023853}",25,4,22.78217237333013,"{0: 20, 1: 0, 2: 1, 3: 0, 4: 0}",1
277,False,"{'a': 0.39253655051424957, 'e': 0.11991165687875927}",25,12,10.298296204719476,"{0: 12, 1: 0, 2: 1, 3: 0, 4: 0}",1
278,False,"{'a': 0.39202658454827904, 'e': 0.1191347587632496}",20,10,19.848223172813295,"{0: 10, 1: 0, 2: 0, 3: 0, 4: 0}",1
279,False,"{'a': 0.39163475391170166, 'e': 0.11854057167504313}",20,16,7.5753125601748055,"{0: 4, 1: 0, 2: 0, 3: 0, 4: 0}",1
280,False,"{'a': 0.39147813133674025, 'e': 0.11830372745486127}",25,17,17.2440628821091,"{0: 8, 1: 0, 2: 0, 3: 0, 4: 0}",1
281,False,"{'a': 0.39116507407127343, 'e': 0.11783145771421594}",20,10,8.481786273533771,"{0: 9, 1: 0, 2: 1, 3: 0, 4: 0}",1
282,False,"{'a': 0.39077410451456135, 'e': 0.11724377086710971}",20,13,16.73865457884996,"{0: 7, 1: 0, 2: 0, 3: 0, 4: 0}",1
283,False,"{'a': 0.39050065835872144, 'e': 0.11683413495009948}",30,17,21.971353689293764,"{0: 13, 1: 0, 2: 0, 3: 0, 4: 0}",1
284,False,"{'a': 0.38999333733296954, 'e': 0.1160771758551075}",25,15,16.175898903043667,"{0: 10, 1: 0, 2: 0, 3: 0, 4: 0}",1
285,False,"{'a': 0.3896035389273226, 'e': 0.11549823852527549}",20,14,1.8901563007532882,"{0: 5, 1: 0, 2: 1, 3: 0, 4: 0}",1
286,False,"{'a': 0.3893698469185795, 'e': 0.11515226303242052}",20,16,7.067399894234827,"{0: 4, 1: 0, 2: 0, 3: 0, 4: 0}",1
287,False,"{'a': 0.389214130125247, 'e': 0.11492218865742215}",20,8,-0.4861088626266252,"{0: 11, 1: 0, 2: 0, 3: 1, 4: 0}",1
288,False,"{'a': 0.38874735329121035, 'e': 0.114234719993873}",30,23,11.438114724539497,"{0: 7, 1: 0, 2: 0, 3: 0, 4: 0}",1
289,False,"{'a': 0.3884753253647885, 'e': 0.11383559734596592}",25,11,27.698029115261644,"{0: 14, 1: 0, 2: 0, 3: 0, 4: 0}",1
290,False,"{'a': 0.3879318404374962, 'e': 0.11304153064044985}",25,14,6.843907219464796,"{0: 10, 1: 0, 2: 1, 3: 0, 4: 0}",1
291,False,"{'a': 0.3875053500257458, 'e': 0.11242150884483612}",25,17,4.581240427155182,"{0: 7, 1: 0, 2: 1, 3: 0, 4: 0}",1
292,False,"{'a': 0.38719546971437674, 'e': 0.11197272098356298}",30,10,31.43026623276507,"{0: 20, 1: 0, 2: 0, 3: 0, 4: 0}",1
293,False,"{'a': 0.3864218526498848, 'e': 0.11085857379421853}",25,15,19.915077330737404,"{0: 10, 1: 0, 2: 0, 3: 0, 4: 0}",1
294,False,"{'a': 0.3860356239437737, 'e': 0.11030566435075032}",25,16,17.504116744351848,"{0: 9, 1: 0, 2: 0, 3: 0, 4: 0}",1
295,False,"{'a': 0.3856883481797592, 'e': 0.10981040403263917}",25,18,12.340483761275014,"{0: 7, 1: 0, 2: 0, 3: 0, 4: 0}",1
296,False,"{'a': 0.38541846080763403, 'e': 0.10942673942324893}",20,6,9.95306393952399,"{0: 13, 1: 0, 2: 1, 3: 0, 4: 0}",1
297,False,"{'a': 0.3848792524963919, 'e': 0.10866342695777204}",20,0,27.019363219546936,"{0: 19, 1: 1, 2: 0, 3: 0, 4: 0}",0
298,False,"{'a': 0.38411026323698827, 'e': 0.10758220779415704}",25,17,15.340546213553754,"{0: 8, 1: 0, 2: 0, 3: 0, 4: 0}",1
299,False,"{'a': 0.38380309790891204, 'e': 0.10715273847424585}",20,14,-31.338503727007655,"{0: 5, 1: 0, 2: 0, 3: 0, 4: 1}",1
300,False,"{'a': 0.3835728851209095, 'e': 0.10683176196432037}",30,13,32.01966419735838,"{0: 17, 1: 0, 2: 0, 3: 0, 4: 0}",1
301,False,"{'a': 0.3829213651650741, 'e': 0.10592754037354536}",20,5,27.35935683335942,"{0: 15, 1: 0, 2: 0, 3: 0, 4: 0}",1
302,False,"{'a': 0.3823474136885498, 'e': 0.10513605559873075}",20,8,21.393567311290266,"{0: 12, 1: 0, 2: 0, 3: 0, 4: 0}",1
303,False,"{'a': 0.38188887197217836, 'e': 0.10450712793491167}",20,16,9.14058451307938,"{0: 4, 1: 0, 2: 0, 3: 0, 4: 0}",1
304,False,"{'a': 0.3817361469704262, 'e': 0.10429832255402453}",25,17,17.04394177890313,"{0: 8, 1: 0, 2: 0, 3: 0, 4: 0}",1
305,False,"{'a': 0.38143088017584853, 'e': 0.10388196253898506}",20,8,17.79847518118585,"{0: 12, 1: 0, 2: 0, 3: 0, 4: 0}",1
306,False,"{'a': 0.3809734376400521, 'e': 0.10326053690492908}",25,12,20.464234711933535,"{0: 13, 1: 0, 2: 0, 3: 0, 4: 0}",1
307,False,"{'a': 0.38047849395422045, 'e': 0.10259152007523863}",25,20,10.537359296090807,"{0: 5, 1: 0, 2: 0, 3: 0, 4: 0}",1
308,False,"{'a': 0.3802883022591294, 'e': 0.10233536160655225}",20,10,20.083056063809394,"{0: 10, 1: 0, 2: 0, 3: 0, 4: 0}",1
309,False,"{'a': 0.37990820403765585, 'e': 0.1018249618612152}",20,12,16.86219964917599,"{0: 8, 1: 0, 2: 0, 3: 0, 4: 0}",1
310,False,"{'a': 0.37960439901263865, 'e': 0.10141847552841757}",25,7,29.032011497150503,"{0: 18, 1: 0, 2: 0, 3: 0, 4: 0}",1
311,False,"{'a': 0.3789217256847328, 'e': 0.1005098044022514}",20,13,13.998877324597256,"{0: 7, 1: 0, 2: 0, 3: 0, 4: 0}",1
312,False,"{'a': 0.37865657329091845, 'e': 0.10015863499179714}",30,18,14.933820095610917,"{0: 11, 1: 0, 2: 1, 3: 0, 4: 0}",1
313,False,"{'a': 0.37820245792668167, 'e': 0.09955948243696745}",20,15,11.081080490008182,"{0: 5, 1: 0, 2: 0, 3: 0, 4: 0}",1
314,False,"{'a': 0.3780134039651473, 'e': 0.09931089459515013}",20,7,13.089670758098201,"{0: 12, 1: 0, 2: 1, 3: 0, 4: 0}",1
315,False,"{'a': 0.3775223058229481, 'e': 0.0986674671847645}",20,16,7.033881221012804,"{0: 4, 1: 0, 2: 0, 3: 0, 4: 0}",1
316,False,"{'a': 0.37737132709837684, 'e': 0.09847032945383845}",20,7,19.424407266629213,"{0: 13, 1: 0, 2: 0, 3: 0, 4: 0}",1
317,False,"{'a': 0.37688106311378444, 'e': 0.09783234799834366}",20,12,12.030364663196256,"{0: 8, 1: 0, 2: 0, 3: 0, 4: 0}",1
318,False,"{'a': 0.3765796788330796, 'e': 0.09744180022263194}",25,8,33.040557744562854,"{0: 17, 1: 0, 2: 0, 3: 0, 4: 0}",1
319,False,"{'a': 0.37594003722847424, 'e': 0.09661705505335619}",30,23,11.641138450040193,"{0: 7, 1: 0, 2: 0, 3: 0, 4: 0}",1
320,False,"{'a': 0.37567697128623595, 'e': 0.09627948645032597}",20,7,23.229278585247442,"{0: 13, 1: 0, 2: 0, 3: 0, 4: 0}",1
321,False,"{'a': 0.3751889085330889, 'e': 0.09565569929290954}",20,12,14.12006045367855,"{0: 8, 1: 0, 2: 0, 3: 0, 4: 0}",1
322,False,"{'a': 0.3748888774347034, 'e': 0.09527384072202429}",20,0,5.2797100204315095,"{0: 18, 1: 0, 2: 2, 3: 0, 4: 0}",0
323,False,"{'a': 0.3741398489579869, 'e': 0.09432585016748485}",20,0,9.49489830654553,"{0: 18, 1: 1, 2: 1, 3: 0, 4: 0}",0
324,False,"{'a': 0.37339231704116504, 'e': 0.09338729227656732}",25,9,-6.770437925057417,"{0: 13, 1: 1, 2: 1, 3: 1, 4: 0}",1
325,False,"{'a': 0.37279536702126437, 'e': 0.09264317437857132}",30,13,33.80874288772538,"{0: 17, 1: 0, 2: 0, 3: 0, 4: 0}",1
326,False,"{'a': 0.372162153281506, 'e': 0.09185904466872889}",20,10,-4.580814400813885,"{0: 9, 1: 0, 2: 0, 3: 1, 4: 0}",1
327,False,"{'a': 0.3717901771472896, 'e': 0.0914008957721033}",25,18,14.018225463304026,"{0: 7, 1: 0, 2: 0, 3: 0, 4: 0}",1
328,False,"{'a': 0.37153001509062966, 'e': 0.09108155181482308}",20,2,-7.4602417893985615,"{0: 17, 1: 0, 2: 0, 3: 0, 4: 1}",1
329,False,"{'a': 0.37086186258112624, 'e': 0.09026549560978427}",20,16,5.176629655311682,"{0: 4, 1: 0, 2: 0, 3: 0, 4: 0}",1
330,False,"{'a': 0.37071354750108737, 'e': 0.0900851450292621}",25,1,11.129906655500676,"{0: 22, 1: 0, 2: 2, 3: 0, 4: 0}",1
331,False,"{'a': 0.36982490178848976, 'e': 0.08901058355247843}",20,10,19.92516869377233,"{0: 10, 1: 0, 2: 0, 3: 0, 4: 0}",1
332,False,"{'a': 0.36945526173753007, 'e': 0.08856664141493896}",25,19,2.327706081964333,"{0: 5, 1: 1, 2: 0, 3: 0, 4: 0}",1
333,False,"{'a': 0.36923365506913625, 'e': 0.08830133964232935}",25,10,25.559059530947316,"{0: 15, 1: 0, 2: 0, 3: 0, 4: 0}",1
334,False,"{'a': 0.36868021976677845, 'e': 0.08764155687312523}",20,8,20.95561524428157,"{0: 12, 1: 0, 2: 0, 3: 0, 4: 0}",1
335,False,"{'a': 0.3682380688466685, 'e': 0.0871172819295411}",20,12,-3.920040687536943,"{0: 7, 1: 0, 2: 0, 3: 1, 4: 0}",1
336,False,"{'a': 0.36794359619635647, 'e': 0.08676950881175588}",20,13,-0.01987044705045027,"{0: 6, 1: 0, 2: 1, 3: 0, 4: 0}",1
337,False,"{'a': 0.36768612580416965, 'e': 0.08646634637465792}",20,9,20.74399404925534,"{0: 11, 1: 0, 2: 0, 3: 0, 4: 0}",1
338,False,"{'a': 0.36728189343434864, 'e': 0.08599208687873962}",20,15,9.135955131784701,"{0: 5, 1: 0, 2: 0, 3: 0, 4: 0}",1
339,False,"{'a': 0.3670982983902173, 'e': 0.08577737516301644}",20,11,17.160481574343137,"{0: 9, 1: 0, 2: 0, 3: 0, 4: 0}",1
340,False,"{'a': 0.36676805855188455, 'e': 0.08539224416942676}",20,16,7.563652548700732,"{0: 4, 1: 0, 2: 0, 3: 0, 4: 0}",1
341,False,"{'a': 0.3666213806659967, 'e': 0.08522163035177684}",20,9,16.464735883538825,"{0: 11, 1: 0, 2: 0, 3: 0, 4: 0}",1
342,False,"{'a': 0.366218318871893, 'e': 0.08475419800212207}",20,10,20.048586643272806,"{0: 10, 1: 0, 2: 0, 3: 0, 4: 0}",1
343,False,"{'a': 0.36585228360115934, 'e': 0.08433148467607897}",20,5,3.0904611515796034,"{0: 14, 1: 0, 2: 0, 3: 1, 4: 0}",1
344,False,"{'a': 0.3653039165538619, 'e': 0.08370136444555862}",25,15,8.097106293658925,"{0: 9, 1: 0, 2: 1, 3: 0, 4: 0}",1
345,False,"{'a': 0.36493879522839756, 'e': 0.08328390214878552}",25,7,-34.784593387138244,"{0: 16, 1: 0, 2: 0, 3: 1, 4: 1}",1
346,False,"{'a': 0.3642824962432738, 'e': 0.08253770993121619}",20,5,4.05749465123928,"{0: 13, 1: 0, 2: 2, 3: 0, 4: 0}",1
347,False,"{'a': 0.36373648211188503, 'e': 0.08192099268725626}",25,11,21.438838479475223,"{0: 14, 1: 0, 2: 0, 3: 0, 4: 0}",1
348,False,"{'a': 0.36322760733239023, 'e': 0.0813495481278003}",25,8,19.10300009790152,"{0: 16, 1: 0, 2: 1, 3: 0, 4: 0}",1
349,False,"{'a': 0.3626106449665213, 'e': 0.0806610074123386}",20,14,12.232337135590592,"{0: 6, 1: 0, 2: 0, 3: 0, 4: 0}",1
350,False,"{'a': 0.3623931438364055, 'e': 0.08041938700193246}",20,12,12.144812893688528,"{0: 8, 1: 0, 2: 0, 3: 0, 4: 0}",1
351,False,"{'a': 0.3621033452562243, 'e': 0.08009835195207107}",20,13,13.486601571938639,"{0: 7, 1: 0, 2: 0, 3: 0, 4: 0}",1
352,False,"{'a': 0.36184996160916794, 'e': 0.07981849775077554}",20,13,15.86187113049813,"{0: 7, 1: 0, 2: 0, 3: 0, 4: 0}",1
353,False,"{'a': 0.36159675526859997, 'e': 0.07953962132707561}",25,13,3.5317664637849484,"{0: 11, 1: 0, 2: 0, 3: 1, 4: 0}",1
354,False,"{'a': 0.36116309940783276, 'e': 0.07906381245316065}",35,19,32.14711912632649,"{0: 16, 1: 0, 2: 0, 3: 0, 4: 0}",1
355,False,"{'a': 0.36058570049109206, 'e': 0.0784338252622272}",25,18,10.560978614974267,"{0: 7, 1: 0, 2: 0, 3: 0, 4: 0}",1
356,False,"{'a': 0.3603333788236351, 'e': 0.07815978672100418}",30,24,14.745037082916511,"{0: 6, 1: 0, 2: 0, 3: 0, 4: 0}",1
357,False,"{'a': 0.360117243643379, 'e': 0.077925658728426}",20,11,16.937630755453313,"{0: 9, 1: 0, 2: 0, 3: 0, 4: 0}",1
358,False,"{'a': 0.35979328392783927, 'e': 0.07757578107927698}",25,14,22.53102132642069,"{0: 11, 1: 0, 2: 0, 3: 0, 4: 0}",1
359,False,"{'a': 0.3593977289106632, 'e': 0.07715028546887258}",20,2,28.43922643730668,"{0: 18, 1: 0, 2: 0, 3: 0, 4: 0}",1
360,False,"{'a': 0.3587513948737674, 'e': 0.07645904813350755}",25,13,23.06221092628783,"{0: 12, 1: 0, 2: 0, 3: 0, 4: 0}",1
361,False,"{'a': 0.3583211513976337, 'e': 0.07600166735917104}",20,14,-13.208666951878158,"{0: 5, 1: 0, 2: 0, 3: 1, 4: 0}",1
362,False,"{'a': 0.3581062231917048, 'e': 0.07577400402284548}",25,8,16.955565426727226,"{0: 16, 1: 0, 2: 1, 3: 0, 4: 0}",1
363,False,"{'a': 0.3574979597826667, 'e': 0.07513265458521463}",25,20,9.673276316559821,"{0: 5, 1: 0, 2: 0, 3: 0, 4: 0}",1
364,False,"{'a': 0.35731925548257343, 'e': 0.07494505754276144}",25,16,17.859359424341633,"{0: 9, 1: 0, 2: 0, 3: 0, 4: 0}",1
365,False,"{'a': 0.35699781282353305, 'e': 0.07460856246557795}",25,4,36.68301990143218,"{0: 21, 1: 0, 2: 0, 3: 0, 4: 0}",1
366,False,"{'a': 0.3562489040460439, 'e': 0.0738292709996129}",20,6,21.158246312591995,"{0: 13, 1: 1, 2: 0, 3: 0, 4: 0}",1
367,False,"{'a': 0.3557505045414379, 'e': 0.07331427070655744}",20,9,18.99731072287077,"{0: 11, 1: 0, 2: 0, 3: 0, 4: 0}",1
368,False,"{'a': 0.35535939413660195, 'e': 0.07291214906586439}",30,20,15.561901492205083,"{0: 10, 1: 0, 2: 0, 3: 0, 4: 0}",1
369,False,"{'a': 0.3550042123629507, 'e': 0.07254849820529216}",35,23,19.14208726422109,"{0: 12, 1: 0, 2: 0, 3: 0, 4: 0}",1
370,False,"{'a': 0.3545784628089375, 'e': 0.07211451048119506}",20,12,13.411050170333937,"{0: 8, 1: 0, 2: 0, 3: 0, 4: 0}",1
371,False,"{'a': 0.3542949134735471, 'e': 0.0718266285869013}",25,13,18.185977106170277,"{0: 12, 1: 0, 2: 0, 3: 0, 4: 0}",1
372,False,"{'a': 0.3538700145677102, 'e': 0.07139695911280983}",20,3,32.65716440872337,"{0: 17, 1: 0, 2: 0, 3: 0, 4: 0}",1
373,False,"{'a': 0.3532689465954787, 'e': 0.0707926568832253}",20,10,16.78210911014537,"{0: 10, 1: 0, 2: 0, 3: 0, 4: 0}",1
374,False,"{'a': 0.3529158542244931, 'e': 0.07043957703401492}",20,11,16.077428997091488,"{0: 9, 1: 0, 2: 0, 3: 0, 4: 0}",1
375,False,"{'a': 0.3525983728437424, 'e': 0.07012331106948068}",25,8,27.679667065119602,"{0: 17, 1: 0, 2: 0, 3: 0, 4: 0}",1
376,False,"{'a': 0.3519994648259602, 'e': 0.06952978896781553}",20,15,9.074522892320893,"{0: 5, 1: 0, 2: 0, 3: 0, 4: 0}",1
377,False,"{'a': 0.35182350908614785, 'e': 0.06935618159503247}",20,3,27.150124813255257,"{0: 17, 1: 0, 2: 0, 3: 0, 4: 0}",1
378,False,"{'a': 0.3512259172177096, 'e': 0.06876915245970018}",30,15,30.315892275979046,"{0: 15, 1: 0, 2: 0, 3: 0, 4: 0}",1
379,False,"{'a': 0.3506994732735494, 'e': 0.068255313122387}",20,10,20.475695950046095,"{0: 10, 1: 0, 2: 0, 3: 0, 4: 0}",1
380,False,"{'a': 0.3503489490915772, 'e': 0.06791488832797908}",20,8,-33.60635108395848,"{0: 10, 1: 0, 2: 1, 3: 0, 4: 1}",1
381,False,"{'a': 0.34992878250304044, 'e': 0.06750861902472816}",20,14,9.256344007857034,"{0: 6, 1: 0, 2: 0, 3: 0, 4: 0}",1
382,False,"{'a': 0.34971888820812386, 'e': 0.06730639665287849}",20,0,28.697848354332507,"{0: 20, 1: 0, 2: 0, 3: 0, 4: 0}",0
383,False,"{'a': 0.3490201494034253, 'e': 0.06663668681643793}",30,24,10.019726979856253,"{0: 6, 1: 0, 2: 0, 3: 0, 4: 0}",1
384,False,"{'a': 0.3488108001248473, 'e': 0.06643707632143896}",20,16,7.929758758422281,"{0: 4, 1: 0, 2: 0, 3: 0, 4: 0}",1
385,False,"{'a': 0.348671303705941, 'e': 0.06630433495441021}",30,8,23.90974615537928,"{0: 20, 1: 1, 2: 1, 3: 0, 4: 0}",1
386,False,"{'a': 0.3479050700039078, 'e': 0.06557898401402441}",25,17,13.507891970156571,"{0: 8, 1: 0, 2: 0, 3: 0, 4: 0}",1
387,False,"{'a': 0.3476268572478451, 'e': 0.06531719201103021}",25,11,21.165677798580926,"{0: 13, 1: 1, 2: 0, 3: 0, 4: 0}",1
388,False,"{'a': 0.34714052016309255, 'e': 0.06486156821071642}",25,7,32.40266714011285,"{0: 18, 1: 0, 2: 0, 3: 0, 4: 0}",1
389,False,"{'a': 0.3465162292571728, 'e': 0.06428043312735164}",25,20,8.426966271179541,"{0: 5, 1: 0, 2: 0, 3: 0, 4: 0}",1
390,False,"{'a': 0.34634301444985466, 'e': 0.0641199327535944}",20,16,8.570804100006887,"{0: 4, 1: 0, 2: 0, 3: 0, 4: 0}",1
391,False,"{'a': 0.34620450494782196, 'e': 0.06399182104250219}",30,16,28.25088103558752,"{0: 14, 1: 0, 2: 0, 3: 0, 4: 0}",1
392,False,"{'a': 0.3457201577630344, 'e': 0.063545442443014}",35,3,50.72340482513376,"{0: 32, 1: 0, 2: 0, 3: 0, 4: 0}",1
393,False,"{'a': 0.3446156214588169, 'e': 0.06253680597317074}",30,15,10.859511170807577,"{0: 14, 1: 0, 2: 1, 3: 0, 4: 0}",1
394,False,"{'a': 0.34409908552542917, 'e': 0.062069534387153034}",20,16,8.340918185630246,"{0: 4, 1: 0, 2: 0, 3: 0, 4: 0}",1
395,False,"{'a': 0.34396147341547584, 'e': 0.0619455193747295}",20,12,15.971489802354391,"{0: 8, 1: 0, 2: 0, 3: 0, 4: 0}",1
396,False,"{'a': 0.34368641427506946, 'e': 0.0616982322012936}",20,16,10.561138521309047,"{0: 4, 1: 0, 2: 0, 3: 0, 4: 0}",1
397,False,"{'a': 0.34354896720060696, 'e': 0.06157495905113221}",20,8,20.075491916101,"{0: 12, 1: 0, 2: 0, 3: 0, 4: 0}",1
398,False,"{'a': 0.34313695569631014, 'e': 0.06120661543271088}",25,16,14.92795607491333,"{0: 9, 1: 0, 2: 0, 3: 0, 4: 0}",1
399,False,"{'a': 0.3428282713649688, 'e': 0.06093180445171429}",20,13,11.796576619262229,"{0: 7, 1: 0, 2: 0, 3: 0, 4: 0}",1
400,False,"{'a': 0.3425883755483449, 'e': 0.060718915908407764}",30,16,24.949790918950256,"{0: 14, 1: 0, 2: 0, 3: 0, 4: 0}",1
401,False,"{'a': 0.342109087402563, 'e': 0.06029536764545656}",20,12,5.991678714575941,"{0: 7, 1: 0, 2: 1, 3: 0, 4: 0}",1
402,False,"{'a': 0.34183550957836145, 'e': 0.060054667895307945}",20,3,25.82715650122786,"{0: 17, 1: 0, 2: 0, 3: 0, 4: 0}",1
403,False,"{'a': 0.34125488288460215, 'e': 0.05954636655926992}",20,14,12.445859414162575,"{0: 6, 1: 0, 2: 0, 3: 0, 4: 0}",1
404,False,"{'a': 0.341050191368467, 'e': 0.05936799515048385}",25,17,12.472072543309833,"{0: 8, 1: 0, 2: 0, 3: 0, 4: 0}",1
405,False,"{'a': 0.3407774603223363, 'e': 0.05913099748121725}",20,9,21.712769326065374,"{0: 11, 1: 0, 2: 0, 3: 0, 4: 0}",1
406,False,"{'a': 0.34040281121077026, 'e': 0.058806669714006214}",30,18,23.794967807836752,"{0: 12, 1: 0, 2: 0, 3: 0, 4: 0}",1
407,False,"{'a': 0.33999457282933476, 'e': 0.05845488610190866}",25,12,12.812372116589161,"{0: 12, 1: 1, 2: 0, 3: 0, 4: 0}",1
408,False,"{'a': 0.3395528670556165, 'e': 0.0580761615305284}",20,10,14.771421965137419,"{0: 10, 1: 0, 2: 0, 3: 0, 4: 0}",1
409,False,"{'a': 0.3392134839084164, 'e': 0.057786505466485755}",30,10,34.10406806109384,"{0: 20, 1: 0, 2: 0, 3: 0, 4: 0}",1
410,False,"{'a': 0.33853573491550876, 'e': 0.0572115201300396}",30,18,22.709993244329922,"{0: 12, 1: 0, 2: 0, 3: 0, 4: 0}",1
411,False,"{'a': 0.33812973568187027, 'e': 0.056869278760092706}",20,9,8.59253450134979,"{0: 10, 1: 0, 2: 1, 3: 0, 4: 0}",1
412,False,"{'a': 0.33775799746612245, 'e': 0.05655735629998164}",25,9,21.585113182561475,"{0: 16, 1: 0, 2: 0, 3: 0, 4: 0}",1
413,False,"{'a': 0.33721801676992946, 'e': 0.05610670246839268}",20,16,7.639390404281185,"{0: 4, 1: 0, 2: 0, 3: 0, 4: 0}",1
414,False,"{'a': 0.3370831565370662, 'e': 0.055994601202089295}",25,19,10.121754339409694,"{0: 6, 1: 0, 2: 0, 3: 0, 4: 0}",1
415,False,"{'a': 0.336880967305979, 'e': 0.05582686912240159}",25,9,-12.69021539399151,"{0: 15, 1: 0, 2: 0, 3: 0, 4: 1}",1
416,False,"{'a': 0.33634238873604216, 'e': 0.055382035874854026}",35,9,32.661301266406845,"{0: 25, 1: 1, 2: 0, 3: 0, 4: 0}",1
417,False,"{'a': 0.3354690343779835, 'e': 0.054666728977192824}",30,15,27.219280884834518,"{0: 15, 1: 0, 2: 0, 3: 0, 4: 0}",1
418,False,"{'a': 0.3349662080404496, 'e': 0.05425826217505821}",25,0,17.42498746776554,"{0: 24, 1: 0, 2: 0, 3: 1, 4: 0}",0
419,False,"{'a': 0.33412983841798566, 'e': 0.05358425521746436}",20,12,14.433022127744863,"{0: 8, 1: 0, 2: 0, 3: 0, 4: 0}",1
420,False,"{'a': 0.3338626414402928, 'e': 0.05337034629964196}",30,7,41.819587024349175,"{0: 23, 1: 0, 2: 0, 3: 0, 4: 0}",1
421,False,"{'a': 0.33309563975503814, 'e': 0.052760102941878724}",20,2,16.867698150622967,"{0: 17, 1: 0, 2: 1, 3: 0, 4: 0}",1
422,False,"{'a': 0.33249660689479205, 'e': 0.05228739240361583}",25,10,4.34475610176628,"{0: 14, 1: 0, 2: 0, 3: 1, 4: 0}",1
423,False,"{'a': 0.33199823585617344, 'e': 0.05189670387392582}",30,0,50.74077321254185,"{0: 30, 1: 0, 2: 0, 3: 0, 4: 0}",0
424,False,"{'a': 0.33100373364779406, 'e': 0.05112406261224883}",30,12,32.644210215983584,"{0: 18, 1: 0, 2: 0, 3: 0, 4: 0}",1
425,False,"{'a': 0.3304084628316856, 'e': 0.05066601037565171}",20,10,-0.6169227839216225,"{0: 8, 1: 1, 2: 1, 3: 0, 4: 0}",1
426,False,"{'a': 0.330078219518031, 'e': 0.050413312594679356}",20,12,17.288645459993283,"{0: 8, 1: 0, 2: 0, 3: 0, 4: 0}",1
427,False,"{'a': 0.32981426253928586, 'e': 0.05021206211359671}",20,12,16.986019847363444,"{0: 8, 1: 0, 2: 0, 3: 0, 4: 0}",1
428,False,"{'a': 0.32955051664167984, 'e': 0.05001161502657907}",20,0,16.16325830618585,"{0: 19, 1: 0, 2: 1, 3: 0, 4: 0}",0
429,False,"{'a': 0.3288920742702487, 'e': 0.04951399114259201}",30,14,27.377340588872546,"{0: 16, 1: 0, 2: 0, 3: 0, 4: 0}",1
430,False,"{'a': 0.32836626770883753, 'e': 0.04911945944441081}",20,2,10.623430760326347,"{0: 16, 1: 1, 2: 1, 3: 0, 4: 0}",1
431,False,"{'a': 0.3277757400612869, 'e': 0.0486793676929082}",30,15,31.32124154603916,"{0: 15, 1: 0, 2: 0, 3: 0, 4: 0}",1
432,False,"{'a': 0.3272844450145978, 'e': 0.04831563812606777}",25,0,14.183364417417751,"{0: 24, 1: 0, 2: 0, 3: 1, 4: 0}",0
433,False,"{'a': 0.3264672558141812, 'e': 0.047715451630000336}",25,20,9.950096192271225,"{0: 5, 1: 0, 2: 0, 3: 0, 4: 0}",1
434,False,"{'a': 0.3263040629878805, 'e': 0.04759631198753032}",25,16,17.525159773742175,"{0: 9, 1: 0, 2: 0, 3: 0, 4: 0}",1
435,False,"{'a': 0.3260105214446999, 'e': 0.0473826097741888}",20,13,12.268028873185793,"{0: 7, 1: 0, 2: 0, 3: 0, 4: 0}",1
436,False,"{'a': 0.3257823939336327, 'e': 0.04721706052017184}",25,15,16.025796414702853,"{0: 10, 1: 0, 2: 0, 3: 0, 4: 0}",1
437,False,"{'a': 0.32545677437661247, 'e': 0.04698156444836709}",25,11,8.766836999157416,"{0: 13, 1: 0, 2: 0, 3: 1, 4: 0}",1
438,False,"{'a': 0.325001453691334, 'e': 0.04665384186447163}",20,0,15.644960557403163,"{0: 19, 1: 0, 2: 1, 3: 0, 4: 0}",0
439,False,"{'a': 0.32435210035373996, 'e': 0.0461896283816801}",30,20,17.03854391144965,"{0: 10, 1: 0, 2: 0, 3: 0, 4: 0}",1
440,False,"{'a': 0.32402791037539125, 'e': 0.045959256649044204}",20,6,23.80642091750456,"{0: 14, 1: 0, 2: 0, 3: 0, 4: 0}",1
441,False,"{'a': 0.323574588700081, 'e': 0.0456386652315427}",30,18,22.803265716917934,"{0: 12, 1: 0, 2: 0, 3: 0, 4: 0}",1
442,False,"{'a': 0.3231865320741832, 'e': 0.0453656530955972}",35,13,37.54421597860993,"{0: 22, 1: 0, 2: 0, 3: 0, 4: 0}",1
443,False,"{'a': 0.32247630324179455, 'e': 0.04486936549755803}",20,12,16.03207388436453,"{0: 8, 1: 0, 2: 0, 3: 0, 4: 0}",1
444,False,"{'a': 0.32221842536410567, 'e': 0.04469024651236344}",20,10,14.537536882821156,"{0: 9, 1: 1, 2: 0, 3: 0, 4: 0}",1
445,False,"{'a': 0.32189636799426463, 'e': 0.04446735297799888}",25,12,22.46787006303163,"{0: 13, 1: 0, 2: 0, 3: 0, 4: 0}",1
446,False,"{'a': 0.3214781746004736, 'e': 0.044179252524468825}",20,12,17.779073634535894,"{0: 8, 1: 0, 2: 0, 3: 0, 4: 0}",1
447,False,"{'a': 0.3212210949063818, 'e': 0.04400288847761665}",20,5,24.583031994474194,"{0: 15, 1: 0, 2: 0, 3: 0, 4: 0}",1
448,False,"{'a': 0.32073962445713483, 'e': 0.04367410130711232}",25,0,41.86753089904283,"{0: 25, 1: 0, 2: 0, 3: 0, 4: 0}",0
449,False,"{'a': 0.31993877687258077, 'e': 0.043131572907424955}",25,11,15.40959145621471,"{0: 13, 1: 0, 2: 1, 3: 0, 4: 0}",1
450,False,"{'a': 0.3194911759786931, 'e': 0.042830706159229875}",30,17,-18.024960877350566,"{0: 11, 1: 0, 2: 0, 3: 2, 4: 0}",1
451,False,"{'a': 0.3190761073030154, 'e': 0.04255320941064689}",30,19,10.97771772428346,"{0: 10, 1: 1, 2: 0, 3: 0, 4: 0}",1
452,False,"{'a': 0.31872531655526476, 'e': 0.042319809197836296}",30,0,44.91238380883333,"{0: 30, 1: 0, 2: 0, 3: 0, 4: 0}",0
453,False,"{'a': 0.3177705734363346, 'e': 0.04168974932251204}",30,18,22.733614913187523,"{0: 12, 1: 0, 2: 0, 3: 0, 4: 0}",1
454,False,"{'a': 0.3173894774515334, 'e': 0.041440359743482355}",20,6,23.87363945446039,"{0: 14, 1: 0, 2: 0, 3: 0, 4: 0}",1
455,False,"{'a': 0.31694544307968714, 'e': 0.041151290149224425}",25,17,13.846395339914856,"{0: 8, 1: 0, 2: 0, 3: 0, 4: 0}",1
456,False,"{'a': 0.3166919881207246, 'e': 0.04098701376044022}",25,7,21.579845577102272,"{0: 17, 1: 0, 2: 1, 3: 0, 4: 0}",1
457,False,"{'a': 0.3161224552754419, 'e': 0.040619785641916074}",20,3,-16.659620897381018,"{0: 16, 1: 0, 2: 0, 3: 0, 4: 1}",1
458,False,"{'a': 0.31558550363967985, 'e': 0.0402759807049317}",20,11,17.562196497123885,"{0: 9, 1: 0, 2: 0, 3: 0, 4: 0}",1
459,False,"{'a': 0.3153016044601981, 'e': 0.04009514597506023}",25,10,26.274970704082552,"{0: 15, 1: 0, 2: 0, 3: 0, 4: 0}",1
460,False,"{'a': 0.3148290065905222, 'e': 0.039795557242315927}",35,18,29.3845794497513,"{0: 17, 1: 0, 2: 0, 3: 0, 4: 0}",1
461,False,"{'a': 0.31429425194954985, 'e': 0.039458728555661474}",20,0,31.9551806646838,"{0: 20, 1: 0, 2: 0, 3: 0, 4: 0}",1
462,False,"{'a': 0.31366629161530507, 'e': 0.03906610764648619}",20,5,23.304661491014723,"{0: 15, 1: 0, 2: 0, 3: 0, 4: 0}",1
463,False,"{'a': 0.3131961448760891, 'e': 0.03877420783172201}",20,5,25.32182934157241,"{0: 15, 1: 0, 2: 0, 3: 0, 4: 0}",1
464,False,"{'a': 0.31272670282833115, 'e': 0.03848448907637204}",25,9,26.90586877865068,"{0: 16, 1: 0, 2: 0, 3: 0, 4: 0}",1
465,False,"{'a': 0.3122267401805827, 'e': 0.03817784138995931}",20,8,23.828598879989798,"{0: 12, 1: 0, 2: 0, 3: 0, 4: 0}",1
466,False,"{'a': 0.31185229280572463, 'e': 0.03794946017042141}",20,12,14.4743469314968,"{0: 8, 1: 0, 2: 0, 3: 0, 4: 0}",1
467,False,"{'a': 0.31160291073760765, 'e': 0.03779796552103132}",25,14,-21.678374987475372,"{0: 10, 1: 0, 2: 0, 3: 0, 4: 1}",1
468,False,"{'a': 0.3112603359864524, 'e': 0.037590647358227626}",25,19,12.51912499654738,"{0: 6, 1: 0, 2: 0, 3: 0, 4: 0}",1
469,False,"{'a': 0.3110736358005173, 'e': 0.03747804440503493}",30,16,-54.898537213651935,"{0: 12, 1: 0, 2: 0, 3: 0, 4: 2}",1
470,False,"{'a': 0.3106384374203451, 'e': 0.03721661416753687}",20,0,32.452179600695594,"{0: 20, 1: 0, 2: 0, 3: 0, 4: 0}",0
471,False,"{'a': 0.31001778140840164, 'e': 0.036846302669276805}",20,4,15.544332145161093,"{0: 14, 1: 2, 2: 0, 3: 0, 4: 0}",1
472,False,"{'a': 0.30952214956935425, 'e': 0.036552708191668566}",20,8,22.90583347955733,"{0: 12, 1: 0, 2: 0, 3: 0, 4: 0}",1
473,False,"{'a': 0.30915094575670304, 'e': 0.036334048577339996}",20,11,18.557597822150612,"{0: 9, 1: 0, 2: 0, 3: 0, 4: 0}",1
474,False,"{'a': 0.3088728350741017, 'e': 0.03617091268978068}",25,12,26.35476188862815,"{0: 13, 1: 0, 2: 0, 3: 0, 4: 0}",1
475,False,"{'a': 0.3084715612729888, 'e': 0.03593656421494168}",25,8,27.613578287135212,"{0: 17, 1: 0, 2: 0, 3: 0, 4: 0}",1
476,False,"{'a': 0.30794760510775127, 'e': 0.03563239795704288}",20,12,19.622711514155043,"{0: 8, 1: 0, 2: 0, 3: 0, 4: 0}",1
477,False,"{'a': 0.3077013455406257, 'e': 0.03549015304469923}",20,13,15.447508896780963,"{0: 7, 1: 0, 2: 0, 3: 0, 4: 0}",1
478,False,"{'a': 0.30748602996798985, 'e': 0.03536615463284522}",20,9,18.156891574536377,"{0: 11, 1: 0, 2: 0, 3: 0, 4: 0}",1
479,False,"{'a': 0.3071479812958812, 'e': 0.03517217471612634}",25,11,23.750083865879784,"{0: 14, 1: 0, 2: 0, 3: 0, 4: 0}",1
480,False,"{'a': 0.3067182749866688, 'e': 0.03492682920423177}",35,19,-15.326593890684425,"{0: 15, 1: 0, 2: 0, 3: 0, 4: 1}",1
481,False,"{'a': 0.30622791813677946, 'e': 0.03464852925466101}",30,17,23.100520801505862,"{0: 13, 1: 0, 2: 0, 3: 0, 4: 0}",1
482,False,"{'a': 0.30583008049369853, 'e': 0.034424044181367894}",25,15,10.115331435567771,"{0: 9, 1: 1, 2: 0, 3: 0, 4: 0}",1
483,False,"{'a': 0.3055244032772861, 'e': 0.0342523535447413}",20,11,16.423810985394464,"{0: 9, 1: 0, 2: 0, 3: 0, 4: 0}",1
484,False,"{'a': 0.305249555014607, 'e': 0.03409856423924668}",20,16,9.565195612012293,"{0: 4, 1: 0, 2: 0, 3: 0, 4: 0}",1
485,False,"{'a': 0.30512747960930986, 'e': 0.034030435262454646}",20,8,16.568778365049766,"{0: 12, 1: 0, 2: 0, 3: 0, 4: 0}",1
486,False,"{'a': 0.3047615462377137, 'e': 0.03382686397545441}",35,16,32.76777240553806,"{0: 18, 1: 1, 2: 0, 3: 0, 4: 0}",1
487,False,"{'a': 0.3041830490462252, 'e': 0.03350703038266488}",20,4,25.478328062936477,"{0: 16, 1: 0, 2: 0, 3: 0, 4: 0}",1
488,False,"{'a': 0.30369674531448143, 'e': 0.03324004351101861}",20,12,14.84537184476567,"{0: 8, 1: 0, 2: 0, 3: 0, 4: 0}",1
489,False,"{'a': 0.30345388507527804, 'e': 0.03310734890311644}",20,11,16.077421952623848,"{0: 9, 1: 0, 2: 0, 3: 0, 4: 0}",1
490,False,"{'a': 0.3031808994406724, 'e': 0.03295870054270735}",20,8,20.10717951423737,"{0: 12, 1: 0, 2: 0, 3: 0, 4: 0}",1
491,False,"{'a': 0.30281730056430123, 'e': 0.0327615404113253}",20,10,17.57173512594723,"{0: 10, 1: 0, 2: 0, 3: 0, 4: 0}",1
492,False,"{'a': 0.3025146346219303, 'e': 0.032598141546844026}",20,2,20.564731479908545,"{0: 17, 1: 1, 2: 0, 3: 0, 4: 0}",1
493,False,"{'a': 0.30197059805940696, 'e': 0.03230607454587638}",20,15,10.538278750463292,"{0: 5, 1: 0, 2: 0, 3: 0, 4: 0}",1
494,False,"{'a': 0.30181965050041176, 'e': 0.0322254102319168}",25,14,21.690221759170875,"{0: 11, 1: 0, 2: 0, 3: 0, 4: 0}",1
495,False,"{'a': 0.3014878314188146, 'e': 0.03204865699261457}",25,15,20.08484174577509,"{0: 10, 1: 0, 2: 0, 3: 0, 4: 0}",1
496,False,"{'a': 0.3011864942810761, 'e': 0.03188881364901732}",20,11,12.771447074030188,"{0: 9, 1: 0, 2: 0, 3: 0, 4: 0}",1
497,False,"{'a': 0.3009155483801674, 'e': 0.03174563637806794}",20,0,31.639299588289123,"{0: 20, 1: 0, 2: 0, 3: 0, 4: 0}",0
498,False,"{'a': 0.3003143187134836, 'e': 0.03142976201836771}",25,20,9.010164645608109,"{0: 5, 1: 0, 2: 0, 3: 0, 4: 0}",1
499,False,"{'a': 0.30016419908716097, 'e': 0.03135128574953089}",25,13,24.560771880537033,"{0: 12, 1: 0, 2: 0, 3: 0, 4: 0}",1
500,False,"{'a': 0.2998042180800583, 'e': 0.031163741231221842}",20,8,10.597001137741291,"{0: 11, 1: 0, 2: 1, 3: 0, 4: 0}",1
501,False,"{'a': 0.29944466879108156, 'e': 0.030977318610962822}",20,14,9.138178222581306,"{0: 6, 1: 0, 2: 0, 3: 0, 4: 0}",1
502,False,"{'a': 0.29926505587906893, 'e': 0.03088452591377023}",20,12,15.787151691633415,"{0: 8, 1: 0, 2: 0, 3: 0, 4: 0}",1
503,False,"{'a': 0.29902573957365136, 'e': 0.030761234557216688}",20,9,20.448419941691125,"{0: 11, 1: 0, 2: 0, 3: 0, 4: 0}",1
504,False,"{'a': 0.29869699210437717, 'e': 0.030592512179012835}",30,12,7.346134063274859,"{0: 17, 1: 0, 2: 0, 3: 1, 4: 0}",1
505,False,"{'a': 0.2981598211175136, 'e': 0.03031841485750294}",20,2,32.19477905764878,"{0: 18, 1: 0, 2: 0, 3: 0, 4: 0}",1
506,False,"{'a': 0.2976236161687313, 'e': 0.03004677334417314}",25,15,21.425226321235524,"{0: 10, 1: 0, 2: 0, 3: 0, 4: 0}",1
507,False,"{'a': 0.2973261413147791, 'e': 0.029896914436926308}",25,17,16.903250211033352,"{0: 8, 1: 0, 2: 0, 3: 0, 4: 0}",1
508,False,"{'a': 0.29708837552072576, 'e': 0.02977756563591232}",20,10,15.973090033002617,"{0: 10, 1: 0, 2: 0, 3: 0, 4: 0}",1
509,False,"{'a': 0.2967914356398904, 'e': 0.029629049407711945}",20,13,15.02507825628044,"{0: 7, 1: 0, 2: 0, 3: 0, 4: 0}",1
510,False,"{'a': 0.29658375433188067, 'e': 0.029525529001173462}",20,10,9.2018319195624,"{0: 9, 1: 1, 2: 0, 3: 0, 4: 0}",1
511,False,"{'a': 0.2962873188200077, 'e': 0.02937826981093305}",20,0,25.671137031325255,"{0: 20, 1: 0, 2: 0, 3: 0, 4: 0}",0
512,False,"{'a': 0.29569533636215295, 'e': 0.029085951142152462}",25,7,31.248954049985443,"{0: 18, 1: 0, 2: 0, 3: 0, 4: 0}",1
513,False,"{'a': 0.2951635634958594, 'e': 0.028825352036888366}",20,0,31.45172404032164,"{0: 20, 1: 0, 2: 0, 3: 0, 4: 0}",0
514,False,"{'a': 0.29457382630264, 'e': 0.028538534991882563}",20,15,10.106195678910577,"{0: 5, 1: 0, 2: 0, 3: 0, 4: 0}",1
515,False,"{'a': 0.2944265762050807, 'e': 0.028467277763052034}",20,6,22.914661584657072,"{0: 14, 1: 0, 2: 0, 3: 0, 4: 0}",1
516,False,"{'a': 0.29401466740183435, 'e': 0.028268702642480412}",30,16,20.176312096769475,"{0: 14, 1: 0, 2: 0, 3: 0, 4: 0}",1
517,False,"{'a': 0.2936033348674302, 'e': 0.028071512693994393}",25,11,25.346302520663773,"{0: 14, 1: 0, 2: 0, 3: 0, 4: 0}",1
518,False,"{'a': 0.29319257779565633, 'e': 0.027875698255247015}",25,0,34.89848711930463,"{0: 25, 1: 0, 2: 0, 3: 0, 4: 0}",0
519,False,"{'a': 0.29246051181492744, 'e': 0.027529420770147972}",25,16,17.180718830340822,"{0: 9, 1: 0, 2: 0, 3: 0, 4: 0}",1
520,False,"{'a': 0.29219741576527536, 'e': 0.027405816694434475}",20,8,13.874272903876728,"{0: 11, 1: 1, 2: 0, 3: 0, 4: 0}",1
521,False,"{'a': 0.29184698916436874, 'e': 0.027241874113837102}",20,9,25.093602451911455,"{0: 11, 1: 0, 2: 0, 3: 0, 4: 0}",1
522,False,"{'a': 0.2915261339789928, 'e': 0.027092455085200026}",20,4,26.234893253955562,"{0: 16, 1: 0, 2: 0, 3: 0, 4: 0}",1
523,False,"{'a': 0.2910600651191423, 'e': 0.026876580095808043}",20,10,15.620727333478492,"{0: 10, 1: 0, 2: 0, 3: 0, 4: 0}",1
524,False,"{'a': 0.2907691505355578, 'e': 0.026742532593350663}",20,12,17.196791725395887,"{0: 8, 1: 0, 2: 0, 3: 0, 4: 0}",1
525,False,"{'a': 0.2905366282364502, 'e': 0.02663577611826935}",20,0,30.437081083979415,"{0: 20, 1: 0, 2: 0, 3: 0, 4: 0}",0
526,False,"{'a': 0.2899561356660452, 'e': 0.026370745717672638}",20,11,16.782446824888012,"{0: 9, 1: 0, 2: 0, 3: 0, 4: 0}",1
527,False,"{'a': 0.28969529254095894, 'e': 0.02625234396568796}",20,10,20.309924814379816,"{0: 10, 1: 0, 2: 0, 3: 0, 4: 0}",1
528,False,"{'a': 0.2894057420477938, 'e': 0.026121409853918233}",20,0,32.81778550157928,"{0: 20, 1: 0, 2: 0, 3: 0, 4: 0}",0
529,False,"{'a': 0.2888275089895008, 'e': 0.025861497483165623}",20,12,17.80213284881355,"{0: 8, 1: 0, 2: 0, 3: 0, 4: 0}",1
530,False,"{'a': 0.28859653938247043, 'e': 0.025758258109632486}",20,13,15.424568136189986,"{0: 7, 1: 0, 2: 0, 3: 0, 4: 0}",1
531,False,"{'a': 0.2883945924945596, 'e': 0.025668261791676424}",20,9,19.51560725376357,"{0: 11, 1: 0, 2: 0, 3: 0, 4: 0}",1
532,False,"{'a': 0.28807753285758614, 'e': 0.025527473873499885}",25,12,25.917313294350695,"{0: 13, 1: 0, 2: 0, 3: 0, 4: 0}",1
533,False,"{'a': 0.28770327538493645, 'e': 0.02536208339469017}",25,5,34.118671873878185,"{0: 20, 1: 0, 2: 0, 3: 0, 4: 0}",1
534,False,"{'a': 0.2871284438573047, 'e': 0.025109726448445543}",25,11,24.294767863048925,"{0: 14, 1: 0, 2: 0, 3: 0, 4: 0}",1
535,False,"{'a': 0.28672674529051195, 'e': 0.024934572118673552}",20,8,25.183174168467364,"{0: 12, 1: 0, 2: 0, 3: 0, 4: 0}",1
536,False,"{'a': 0.2863828795568674, 'e': 0.0247854126119599}",25,15,17.486830238295962,"{0: 10, 1: 0, 2: 0, 3: 0, 4: 0}",1
537,False,"{'a': 0.2860966398210318, 'e': 0.024661794850839795}",20,8,23.244349720379986,"{0: 12, 1: 0, 2: 0, 3: 0, 4: 0}",1
538,False,"{'a': 0.2857535297604561, 'e': 0.024514267107547602}",20,16,8.109135433037837,"{0: 4, 1: 0, 2: 0, 3: 0, 4: 0}",1
539,False,"{'a': 0.2856392512057866, 'e': 0.024465287569197365}",20,13,11.788930779937747,"{0: 7, 1: 0, 2: 0, 3: 0, 4: 0}",1
540,False,"{'a': 0.2854393736952329, 'e': 0.024379808737919537}",20,12,7.208092978952312,"{0: 7, 1: 0, 2: 1, 3: 0, 4: 0}",1
541,False,"{'a': 0.28521111351252365, 'e': 0.02428248428164631}",25,11,25.58638095816292,"{0: 14, 1: 0, 2: 0, 3: 0, 4: 0}",1
542,False,"{'a': 0.2848120973301065, 'e': 0.024113100426816865}",25,18,15.231128464902474,"{0: 7, 1: 0, 2: 0, 3: 0, 4: 0}",1
543,False,"{'a': 0.2846127986246603, 'e': 0.02402885209590559}",25,0,32.488064869476666,"{0: 25, 1: 0, 2: 0, 3: 0, 4: 0}",1
544,False,"{'a': 0.2839021553023782, 'e': 0.02373036090126723}",20,8,22.922261298337368,"{0: 12, 1: 0, 2: 0, 3: 0, 4: 0}",1
545,False,"{'a': 0.2835616770438279, 'e': 0.023588405029342768}",20,14,13.903386170577196,"{0: 6, 1: 0, 2: 0, 3: 0, 4: 0}",1
546,False,"{'a': 0.28339159106849676, 'e': 0.023517745856009107}",25,4,27.908379831061122,"{0: 20, 1: 1, 2: 0, 3: 0, 4: 0}",1
547,False,"{'a': 0.2827970931685258, 'e': 0.023272101414692086}",30,22,-6.45243148308976,"{0: 7, 1: 0, 2: 0, 3: 1, 4: 0}",1
548,False,"{'a': 0.28257094596493365, 'e': 0.023179198937856922}",20,13,10.554265413710981,"{0: 7, 1: 0, 2: 0, 3: 0, 4: 0}",1
549,False,"{'a': 0.28237321551648914, 'e': 0.02309821354867805}",25,11,14.564184162029422,"{0: 13, 1: 0, 2: 1, 3: 0, 4: 0}",1
550,False,"{'a': 0.28197816961142375, 'e': 0.02293709064192893}",20,16,4.8659689025303265,"{0: 4, 1: 0, 2: 0, 3: 0, 4: 0}",1
551,False,"{'a': 0.2818654008988253, 'e': 0.02289126230425885}",30,0,22.16408907784045,"{0: 28, 1: 0, 2: 2, 3: 0, 4: 0}",0
552,False,"{'a': 0.2810210718229893, 'e': 0.022550455808510905}",20,8,21.429095132725585,"{0: 12, 1: 0, 2: 0, 3: 0, 4: 0}",1
553,False,"{'a': 0.2806840487910636, 'e': 0.022415558171264255}",20,7,22.58836674813263,"{0: 13, 1: 0, 2: 0, 3: 0, 4: 0}",1
554,False,"{'a': 0.2803193966029127, 'e': 0.02227032954750368}",35,19,17.43799415339186,"{0: 15, 1: 0, 2: 1, 3: 0, 4: 0}",1
555,False,"{'a': 0.27987124418588755, 'e': 0.022092877665062443}",30,21,17.10812337620903,"{0: 9, 1: 0, 2: 0, 3: 0, 4: 0}",1
556,False,"{'a': 0.2796194733799774, 'e': 0.021993683070797576}",20,15,10.351866052092314,"{0: 5, 1: 0, 2: 0, 3: 0, 4: 0}",1
557,False,"{'a': 0.27947969858989696, 'e': 0.021938767536140744}",20,14,12.161647120953557,"{0: 6, 1: 0, 2: 0, 3: 0, 4: 0}",1
558,False,"{'a': 0.27931206106702894, 'e': 0.021873049859335775}",25,12,27.426730809106427,"{0: 13, 1: 0, 2: 0, 3: 0, 4: 0}",1
559,False,"{'a': 0.2789491913040919, 'e': 0.021731336103905406}",30,16,27.670281967450272,"{0: 14, 1: 0, 2: 0, 3: 0, 4: 0}",1
560,False,"{'a': 0.2785589356789455, 'e': 0.021579747928775563}",30,19,21.80625032067237,"{0: 11, 1: 0, 2: 0, 3: 0, 4: 0}",1
561,False,"{'a': 0.2782526893160781, 'e': 0.02146138511128818}",30,12,35.833440831034174,"{0: 18, 1: 0, 2: 0, 3: 0, 4: 0}",1
562,False,"{'a': 0.2777522849743259, 'e': 0.02126909922968176}",25,18,14.221682392970772,"{0: 7, 1: 0, 2: 0, 3: 0, 4: 0}",1
563,False,"{'a': 0.2775579264082783, 'e': 0.02119478750375811}",25,19,14.762406132338743,"{0: 6, 1: 0, 2: 0, 3: 0, 4: 0}",1
564,False,"{'a': 0.2773914416028695, 'e': 0.02113129842248555}",20,11,11.650134054058878,"{0: 8, 1: 1, 2: 0, 3: 0, 4: 0}",1
565,False,"{'a': 0.27714190161526525, 'e': 0.021036421213410025}",25,20,5.658574333575369,"{0: 5, 1: 0, 2: 0, 3: 0, 4: 0}",1
566,False,"{'a': 0.2770033653014223, 'e': 0.02098389584444467}",30,20,20.256634071515457,"{0: 10, 1: 0, 2: 0, 3: 0, 4: 0}",1
567,False,"{'a': 0.27672650039164787, 'e': 0.020879238227301908}",20,12,10.74351223094996,"{0: 8, 1: 0, 2: 0, 3: 0, 4: 0}",1
568,False,"{'a': 0.27650520772020537, 'e': 0.020795888085809178}",20,10,22.120777761777425,"{0: 10, 1: 0, 2: 0, 3: 0, 4: 0}",1
569,False,"{'a': 0.2762288407190163, 'e': 0.020692168161274557}",20,0,26.93662204659555,"{0: 20, 1: 0, 2: 0, 3: 0, 4: 0}",0
570,False,"{'a': 0.2756769351271387, 'e': 0.020486277647979705}",25,17,12.582757510931794,"{0: 8, 1: 0, 2: 0, 3: 0, 4: 0}",1
571,False,"{'a': 0.2754564817721365, 'e': 0.02040449620930702}",20,9,20.112083048546374,"{0: 11, 1: 0, 2: 0, 3: 0, 4: 0}",1
572,False,"{'a': 0.27515364623226995, 'e': 0.02029257953313844}",35,21,29.02752630407706,"{0: 14, 1: 0, 2: 0, 3: 0, 4: 0}",1
573,False,"{'a': 0.2747687006523252, 'e': 0.020151027486573166}",25,15,17.896485277467796,"{0: 10, 1: 0, 2: 0, 3: 0, 4: 0}",1
574,False,"{'a': 0.2744940692902399, 'e': 0.020050523817695055}",30,10,36.815100833308506,"{0: 20, 1: 0, 2: 0, 3: 0, 4: 0}",1
575,False,"{'a': 0.27394562977398884, 'e': 0.019851017772292718}",25,3,30.869026411964402,"{0: 22, 1: 0, 2: 0, 3: 0, 4: 0}",1
576,False,"{'a': 0.2733436118510152, 'e': 0.01963385317183864}",20,14,12.424230862617591,"{0: 6, 1: 0, 2: 0, 3: 0, 4: 0}",1
577,False,"{'a': 0.2731796548759158, 'e': 0.019575039876376283}",25,20,7.984376536516213,"{0: 5, 1: 0, 2: 0, 3: 0, 4: 0}",1
578,False,"{'a': 0.2730430991902442, 'e': 0.019526163397740135}",25,12,26.379840079239976,"{0: 13, 1: 0, 2: 0, 3: 0, 4: 0}",1
579,False,"{'a': 0.2726883737827689, 'e': 0.019399654933578255}",20,13,13.260838993622778,"{0: 7, 1: 0, 2: 0, 3: 0, 4: 0}",1
580,False,"{'a': 0.27249755871418657, 'e': 0.019331874825691705}",25,14,26.706626866293494,"{0: 11, 1: 0, 2: 0, 3: 0, 4: 0}",1
581,False,"{'a': 0.2721979762001916, 'e': 0.019225841373436626}",20,12,16.67228738617148,"{0: 8, 1: 0, 2: 0, 3: 0, 4: 0}",1
582,False,"{'a': 0.27198030489936087, 'e': 0.01914909160980314}",20,9,20.8033354739774,"{0: 11, 1: 0, 2: 0, 3: 0, 4: 0}",1
583,False,"{'a': 0.2716812910517384, 'e': 0.019044060705700774}",30,19,21.853799964310305,"{0: 11, 1: 0, 2: 0, 3: 0, 4: 0}",1
584,False,"{'a': 0.2713826059385111, 'e': 0.018939605885886973}",25,16,18.380986111628715,"{0: 9, 1: 0, 2: 0, 3: 0, 4: 0}",1
585,False,"{'a': 0.2711384714701563, 'e': 0.01885456913558812}",20,15,9.34477043451844,"{0: 5, 1: 0, 2: 0, 3: 0, 4: 0}",1
586,False,"{'a': 0.2710029361210821, 'e': 0.018807491584207928}",25,15,18.694215149445707,"{0: 10, 1: 0, 2: 0, 3: 0, 4: 0}",1
587,False,"{'a': 0.27073206864127325, 'e': 0.01871368882859824}",20,7,25.01299065281279,"{0: 13, 1: 0, 2: 0, 3: 0, 4: 0}",1
588,False,"{'a': 0.27038034562153673, 'e': 0.018592444322737798}",30,15,28.686932429146903,"{0: 15, 1: 0, 2: 0, 3: 0, 4: 0}",1
589,False,"{'a': 0.2699750791289613, 'e': 0.018453522597980075}",30,15,28.257344254878355,"{0: 15, 1: 0, 2: 0, 3: 0, 4: 0}",1
590,False,"{'a': 0.26957042008042786, 'e': 0.01831563888873418}",20,16,7.463407163427643,"{0: 4, 1: 0, 2: 0, 3: 0, 4: 0}",1
591,False,"{'a': 0.26946261347515416, 'e': 0.018279044217825845}",30,21,18.254510377902193,"{0: 9, 1: 0, 2: 0, 3: 0, 4: 0}",1
592,False,"{'a': 0.26922020622265264, 'e': 0.01819697331686738}",30,16,28.351664900266936,"{0: 14, 1: 0, 2: 0, 3: 0, 4: 0}",1
593,False,"{'a': 0.26884356164666273, 'e': 0.018070039291053167}",35,27,14.68160568158472,"{0: 8, 1: 0, 2: 0, 3: 0, 4: 0}",1
594,False,"{'a': 0.2686285728043484, 'e': 0.017997903501648798}",20,7,24.132991537031888,"{0: 13, 1: 0, 2: 0, 3: 0, 4: 0}",1
595,False,"{'a': 0.2682795825525159, 'e': 0.017881296512157415}",20,7,22.942310978050546,"{0: 13, 1: 0, 2: 0, 3: 0, 4: 0}",1
596,False,"{'a': 0.2679310456932418, 'e': 0.01776544501010361}",20,2,34.134910772196974,"{0: 18, 1: 0, 2: 0, 3: 0, 4: 0}",1
597,False,"{'a': 0.2674492035989761, 'e': 0.01760627335188191}",20,12,15.868256182620765,"{0: 8, 1: 0, 2: 0, 3: 0, 4: 0}",1
598,False,"{'a': 0.2672353297970243, 'e': 0.017535988921048608}",25,0,36.55252340779707,"{0: 25, 1: 0, 2: 0, 3: 0, 4: 0}",0
599,False,"{'a': 0.2665680758874468, 'e': 0.017318153368134255}",20,7,21.787758930696405,"{0: 13, 1: 0, 2: 0, 3: 0, 4: 0}",1
600,False,"{'a': 0.2662217625412406, 'e': 0.017205950425851383}",20,8,21.896063169340025,"{0: 12, 1: 0, 2: 0, 3: 0, 4: 0}",1
601,False,"{'a': 0.26590248802921124, 'e': 0.017103023811917726}",20,15,8.430689010762752,"{0: 5, 1: 0, 2: 0, 3: 0, 4: 0}",1
602,False,"{'a': 0.2657695700174687, 'e': 0.017060319654826052}",25,10,26.218016173235156,"{0: 15, 1: 0, 2: 0, 3: 0, 4: 0}",1
603,False,"{'a': 0.26537121450376944, 'e': 0.016932845881597214}",30,19,21.38309697963881,"{0: 11, 1: 0, 2: 0, 3: 0, 4: 0}",1
604,False,"{'a': 0.2650794666585481, 'e': 0.01683997086965357}",25,17,15.602873275394467,"{0: 8, 1: 0, 2: 0, 3: 0, 4: 0}",1
605,False,"{'a': 0.264867487888035, 'e': 0.016772745526495048}",20,12,13.33798017782647,"{0: 8, 1: 0, 2: 0, 3: 0, 4: 0}",1
606,False,"{'a': 0.26465567863272316, 'e': 0.016705788547622755}",20,12,15.835725901422604,"{0: 8, 1: 0, 2: 0, 3: 0, 4: 0}",1
607,False,"{'a': 0.26444403875705474, 'e': 0.016639098861723624}",25,14,20.10898408639679,"{0: 11, 1: 0, 2: 0, 3: 0, 4: 0}",1
608,False,"{'a': 0.26415331024441907, 'e': 0.016547835023599803}",30,18,22.59087978697854,"{0: 12, 1: 0, 2: 0, 3: 0, 4: 0}",1
609,False,"{'a': 0.2638365163864558, 'e': 0.016448845279659077}",20,8,20.26323681245578,"{0: 12, 1: 0, 2: 0, 3: 0, 4: 0}",1
610,False,"{'a': 0.2635201024531217, 'e': 0.016350447695924895}",20,13,14.52306022897694,"{0: 7, 1: 0, 2: 0, 3: 0, 4: 0}",1
611,False,"{'a': 0.2633357029287677, 'e': 0.016293321158745884}",25,4,37.191524720497995,"{0: 21, 1: 0, 2: 0, 3: 0, 4: 0}",1
612,False,"{'a': 0.26278327820159686, 'e': 0.016123136320549902}",35,25,17.87989153821633,"{0: 10, 1: 0, 2: 0, 3: 0, 4: 0}",1
613,False,"{'a': 0.2625206262712481, 'e': 0.016042721842671942}",20,7,24.581389660125637,"{0: 13, 1: 0, 2: 0, 3: 0, 4: 0}",1
614,False,"{'a': 0.2621795711909296, 'e': 0.015938782320096424}",30,13,29.42134418245049,"{0: 17, 1: 0, 2: 0, 3: 0, 4: 0}",1
615,False,"{'a': 0.26173424455479527, 'e': 0.015803876830946983}",20,16,8.256472544645877,"{0: 4, 1: 0, 2: 0, 3: 0, 4: 0}",1
616,False,"{'a': 0.26162957179292134, 'e': 0.01577230066397745}",20,0,26.39140648800274,"{0: 20, 1: 0, 2: 0, 3: 0, 4: 0}",1
617,False,"{'a': 0.261106835559814, 'e': 0.015615363650212755}",25,11,26.879145660130526,"{0: 14, 1: 0, 2: 0, 3: 0, 4: 0}",1
618,False,"{'a': 0.260741541755358, 'e': 0.015506437789952416}",20,14,9.397493611525247,"{0: 6, 1: 0, 2: 0, 3: 0, 4: 0}",1
619,False,"{'a': 0.260585143754397, 'e': 0.015459988185825944}",20,16,7.1920645078589835,"{0: 4, 1: 0, 2: 0, 3: 0, 4: 0}",1
620,False,"{'a': 0.26048093054092747, 'e': 0.015429099108827652}",25,11,22.23171952340865,"{0: 14, 1: 0, 2: 0, 3: 0, 4: 0}",1
621,False,"{'a': 0.2601165123903972, 'e': 0.015321472547505259}",20,14,10.363850174820708,"{0: 6, 1: 0, 2: 0, 3: 0, 4: 0}",1
622,False,"{'a': 0.2599604892945724, 'e': 0.015275577007594257}",25,17,18.99062728898016,"{0: 8, 1: 0, 2: 0, 3: 0, 4: 0}",1
623,False,"{'a': 0.25975260406831446, 'e': 0.015214596741403255}",20,13,13.399315975896553,"{0: 7, 1: 0, 2: 0, 3: 0, 4: 0}",1
624,False,"{'a': 0.25957084087000803, 'e': 0.01516143873358748}",25,5,34.13264677004748,"{0: 20, 1: 0, 2: 0, 3: 0, 4: 0}",1
625,False,"{'a': 0.2590522179840283, 'e': 0.015010579897586484}",25,8,30.882313622236655,"{0: 17, 1: 0, 2: 0, 3: 0, 4: 0}",1
626,False,"{'a': 0.25861220333187995, 'e': 0.014883530692519692}",30,11,35.85447121250797,"{0: 19, 1: 0, 2: 0, 3: 0, 4: 0}",1
627,False,"{'a': 0.25812130664507993, 'e': 0.014742806648510288}",30,15,28.23728225346118,"{0: 15, 1: 0, 2: 0, 3: 0, 4: 0}",1
628,False,"{'a': 0.25773441492644344, 'e': 0.014632649205420586}",30,19,7.280010015157365,"{0: 10, 1: 0, 2: 1, 3: 0, 4: 0}",1
629,False,"{'a': 0.25745106294218706, 'e': 0.014552390548416123}",25,15,18.48343953409941,"{0: 10, 1: 0, 2: 0, 3: 0, 4: 0}",1
630,False,"{'a': 0.25719374056187855, 'e': 0.014479810197759686}",25,14,21.66964689787878,"{0: 11, 1: 0, 2: 0, 3: 0, 4: 0}",1
631,False,"{'a': 0.25691098299243503, 'e': 0.014400389847839657}",20,0,18.240429055121595,"{0: 19, 1: 0, 2: 1, 3: 0, 4: 0}",0
632,False,"{'a': 0.2563976745060394, 'e': 0.014257103574776863}",30,18,20.293605257956457,"{0: 12, 1: 0, 2: 0, 3: 0, 4: 0}",1
633,False,"{'a': 0.2560901818291374, 'e': 0.014171817068705777}",20,10,16.542091591335193,"{0: 10, 1: 0, 2: 0, 3: 0, 4: 0}",1
634,False,"{'a': 0.25583421964972813, 'e': 0.014101134836198109}",25,1,43.757840221592446,"{0: 24, 1: 0, 2: 0, 3: 0, 4: 0}",1
635,False,"{'a': 0.2552209537360329, 'e': 0.013932932450899297}",25,15,18.746076316572477,"{0: 10, 1: 0, 2: 0, 3: 0, 4: 0}",1
636,False,"{'a': 0.2549658603502475, 'e': 0.013863441660393487}",25,1,39.36285426093322,"{0: 24, 1: 0, 2: 0, 3: 0, 4: 0}",1
637,False,"{'a': 0.25435467599999567, 'e': 0.013698074547546445}",20,12,18.270056287731713,"{0: 8, 1: 0, 2: 0, 3: 0, 4: 0}",1
638,False,"{'a': 0.25415127363099144, 'e': 0.013643391687985834}",25,1,40.32847772246943,"{0: 24, 1: 0, 2: 0, 3: 0, 4: 0}",1
639,False,"{'a': 0.25354204194473173, 'e': 0.013480649394394395}",20,10,18.1243207271706,"{0: 10, 1: 0, 2: 0, 3: 0, 4: 0}",1
640,False,"{'a': 0.2532886266315615, 'e': 0.0134134143750437}",20,9,16.230571190423642,"{0: 11, 1: 0, 2: 0, 3: 0, 4: 0}",1
641,False,"{'a': 0.2530101623257135, 'e': 0.013339843102441431}",30,15,32.533749837441086,"{0: 15, 1: 0, 2: 0, 3: 0, 4: 0}",1
642,False,"{'a': 0.2526309315763927, 'e': 0.013240168526058691}",20,14,11.346657510762146,"{0: 6, 1: 0, 2: 0, 3: 0, 4: 0}",1
643,False,"{'a': 0.2524793984819212, 'e': 0.013200507541702792}",20,14,13.147757793399734,"{0: 6, 1: 0, 2: 0, 3: 0, 4: 0}",1
644,False,"{'a': 0.25232795628003585, 'e': 0.013160965362003861}",20,0,31.63510807435165,"{0: 20, 1: 0, 2: 0, 3: 0, 4: 0}",0
645,False,"{'a': 0.25182380468711923, 'e': 0.013030011568630474}",20,11,17.366359068810063,"{0: 9, 1: 0, 2: 0, 3: 0, 4: 0}",1
646,False,"{'a': 0.251597265220952, 'e': 0.012971508247767908}",25,18,15.702465290582168,"{0: 7, 1: 0, 2: 0, 3: 0, 4: 0}",1
647,False,"{'a': 0.2514212087622469, 'e': 0.012926187326777541}",30,21,15.307041902641238,"{0: 9, 1: 0, 2: 0, 3: 0, 4: 0}",1
648,False,"{'a': 0.2511950314694096, 'e': 0.012868150165357922}",30,19,22.254664202072494,"{0: 11, 1: 0, 2: 0, 3: 0, 4: 0}",1
649,False,"{'a': 0.25091886885207915, 'e': 0.01279756961388671}",30,16,23.153785479091322,"{0: 14, 1: 0, 2: 0, 3: 0, 4: 0}",1
650,False,"{'a': 0.2505678282214643, 'e': 0.01270829943672915}",20,6,27.385533548308963,"{0: 14, 1: 0, 2: 0, 3: 0, 4: 0}",1
651,False,"{'a': 0.250217278703873, 'e': 0.012619651968786704}",20,14,10.791835430227058,"{0: 6, 1: 0, 2: 0, 3: 0, 4: 0}",1
652,False,"{'a': 0.25006719336675437, 'e': 0.012581849744568345}",25,13,22.429120622878507,"{0: 12, 1: 0, 2: 0, 3: 0, 4: 0}",1
653,False,"{'a': 0.24976729271109574, 'e': 0.012506584667128349}",30,15,21.871673952059247,"{0: 15, 1: 0, 2: 0, 3: 0, 4: 0}",1
654,False,"{'a': 0.24939292261979196, 'e': 0.012413136152095758}",25,6,34.02798219473632,"{0: 19, 1: 0, 2: 0, 3: 0, 4: 0}",1
655,False,"{'a': 0.24891952593607736, 'e': 0.012295769731839025}",25,14,18.921890230957796,"{0: 11, 1: 0, 2: 0, 3: 0, 4: 0}",1
656,False,"{'a': 0.24864586499865743, 'e': 0.012228328631347955}",20,14,8.826754939785985,"{0: 6, 1: 0, 2: 0, 3: 0, 4: 0}",1
657,False,"{'a': 0.248496722226964, 'e': 0.012191698617946518}",30,3,43.164523779907775,"{0: 27, 1: 0, 2: 0, 3: 0, 4: 0}",1
658,False,"{'a': 0.24782668603286018, 'e': 0.01202821667260977}",25,10,24.43400404752171,"{0: 15, 1: 0, 2: 0, 3: 0, 4: 0}",1
659,False,"{'a': 0.24745522466948244, 'e': 0.011938342497008501}",35,24,18.344815986347413,"{0: 11, 1: 0, 2: 0, 3: 0, 4: 0}",1
660,False,"{'a': 0.2471831735778782, 'e': 0.011872861850119607}",20,6,21.439970921811067,"{0: 14, 1: 0, 2: 0, 3: 0, 4: 0}",1
661,False,"{'a': 0.24683735926137373, 'e': 0.011790042024738285}",20,16,7.543709469969208,"{0: 4, 1: 0, 2: 0, 3: 0, 4: 0}",1
662,False,"{'a': 0.24673864406202525, 'e': 0.011766485505060662}",20,12,16.34428294367308,"{0: 8, 1: 0, 2: 0, 3: 0, 4: 0}",1
663,False,"{'a': 0.24654133208209092, 'e': 0.011719513569540685}",30,15,24.347215327023306,"{0: 15, 1: 0, 2: 0, 3: 0, 4: 0}",1
664,False,"{'a': 0.24617179730433886, 'e': 0.01163194600660272}",25,13,25.00172207594506,"{0: 12, 1: 0, 2: 0, 3: 0, 4: 0}",1
665,False,"{'a': 0.2458765683203915, 'e': 0.011562363287468536}",25,12,19.802400865477754,"{0: 13, 1: 0, 2: 0, 3: 0, 4: 0}",1
666,False,"{'a': 0.24555713645727265, 'e': 0.0114874516526643}",20,6,25.93660236668537,"{0: 14, 1: 0, 2: 0, 3: 0, 4: 0}",1
667,False,"{'a': 0.24521359699996403, 'e': 0.011407320278109432}",20,9,21.52187439304345,"{0: 11, 1: 0, 2: 0, 3: 0, 4: 0}",1
668,False,"{'a': 0.2449440103431087, 'e': 0.011344752236418012}",20,10,14.724276090031864,"{0: 10, 1: 0, 2: 0, 3: 0, 4: 0}",1
669,False,"{'a': 0.24469918876395694, 'e': 0.011288170048585013}",20,0,33.291734319522405,"{0: 20, 1: 0, 2: 0, 3: 0, 4: 0}",0
670,False,"{'a': 0.24421027945870405, 'e': 0.011175850879933932}",25,16,12.879522392270735,"{0: 9, 1: 0, 2: 0, 3: 0, 4: 0}",1
671,False,"{'a': 0.2439905890826895, 'e': 0.01112567253692193}",20,16,8.22162572967366,"{0: 4, 1: 0, 2: 0, 3: 0, 4: 0}",1
672,False,"{'a': 0.24389301236370126, 'e': 0.011103443428366347}",25,17,14.533308307479908,"{0: 8, 1: 0, 2: 0, 3: 0, 4: 0}",1
673,False,"{'a': 0.24369797597876622, 'e': 0.011059118363881916}",25,11,22.640902667334203,"{0: 14, 1: 0, 2: 0, 3: 0, 4: 0}",1
674,False,"{'a': 0.24335703752500015, 'e': 0.010981974852626553}",20,9,20.38025743974125,"{0: 11, 1: 0, 2: 0, 3: 0, 4: 0}",1
675,False,"{'a': 0.24308949196076052, 'e': 0.010921739789203994}",30,19,18.51758636027442,"{0: 11, 1: 0, 2: 0, 3: 0, 4: 0}",1
676,False,"{'a': 0.24282224053483578, 'e': 0.010861835109242907}",25,14,22.669330186852147,"{0: 11, 1: 0, 2: 0, 3: 0, 4: 0}",1
677,False,"{'a': 0.24255528292385173, 'e': 0.010802259000622138}",25,17,14.360194629192936,"{0: 8, 1: 0, 2: 0, 3: 0, 4: 0}",1
678,False,"{'a': 0.24236131629450927, 'e': 0.010759136267582695}",25,15,18.94791384850366,"{0: 10, 1: 0, 2: 0, 3: 0, 4: 0}",1
679,False,"{'a': 0.24211907611848948, 'e': 0.01070547485157936}",25,7,33.59137293997378,"{0: 18, 1: 0, 2: 0, 3: 0, 4: 0}",1
680,False,"{'a': 0.24168365377914564, 'e': 0.010609557851852787}",30,16,25.521383274321654,"{0: 14, 1: 0, 2: 0, 3: 0, 4: 0}",1
681,False,"{'a': 0.24134553340334422, 'e': 0.010535550275604046}",20,12,14.95790455017891,"{0: 8, 1: 0, 2: 0, 3: 0, 4: 0}",1
682,False,"{'a': 0.2411525341866015, 'e': 0.010493492246636918}",20,8,21.043927465782954,"{0: 12, 1: 0, 2: 0, 3: 0, 4: 0}",1
683,False,"{'a': 0.2408633247059711, 'e': 0.01043071979881779}",25,17,16.657945205071275,"{0: 8, 1: 0, 2: 0, 3: 0, 4: 0}",1
684,False,"{'a': 0.24067071110192068, 'e': 0.010389080254231065}",25,14,23.315982139869778,"{0: 11, 1: 0, 2: 0, 3: 0, 4: 0}",1
685,False,"{'a': 0.2404061188721147, 'e': 0.010332097159986781}",30,17,24.9370472502851,"{0: 13, 1: 0, 2: 0, 3: 0, 4: 0}",1
686,False,"{'a': 0.24009379397275127, 'e': 0.010265156321858154}",25,15,19.390479847233088,"{0: 10, 1: 0, 2: 0, 3: 0, 4: 0}",1
687,False,"{'a': 0.2398538201856699, 'e': 0.01021395864111251}",20,14,12.518275263869217,"{0: 6, 1: 0, 2: 0, 3: 0, 4: 0}",1
688,False,"{'a': 0.23970995105861265, 'e': 0.010183362682074704}",20,16,8.774698056328095,"{0: 4, 1: 0, 2: 0, 3: 0, 4: 0}",1
689,False,"{'a': 0.23961408625242864, 'e': 0.01016301630986488}",35,15,36.52920095279205,"{0: 20, 1: 0, 2: 0, 3: 0, 4: 0}",1
690,False,"{'a': 0.2391353369887705, 'e': 0.010061892607971811}",30,18,16.475743244700706,"{0: 11, 1: 1, 2: 0, 3: 0, 4: 0}",1
691,False,"{'a': 0.2388485466929763, 'e': 0.010001702004705479}",30,13,35.87252075474119,"{0: 17, 1: 0, 2: 0, 3: 0, 4: 0}",1
1,True,"{'a': 0.23844284910425417, 'e': 0.009917047827606234}",25,17,13.817471282328537,"{0: 8, 1: 0, 2: 0, 3: 0, 4: 0}",1
2,True,"{'a': 0.2382521711063394, 'e': 0.009877458867002286}",20,3,28.78855571574289,"{0: 17, 1: 0, 2: 0, 3: 0, 4: 0}",1
3,True,"{'a': 0.23784748649483997, 'e': 0.009793856280979988}",20,10,19.233858071015597,"{0: 10, 1: 0, 2: 0, 3: 0, 4: 0}",1
4,True,"{'a': 0.23760975789245706, 'e': 0.00974500921899472}",25,14,19.394183514495563,"{0: 11, 1: 0, 2: 0, 3: 0, 4: 0}",1
5,True,"{'a': 0.2373485308599836, 'e': 0.009691558791704852}",20,10,16.150674125733275,"{0: 10, 1: 0, 2: 0, 3: 0, 4: 0}",1
6,True,"{'a': 0.23711130096384084, 'e': 0.009643221940575883}",20,8,16.53162133034944,"{0: 12, 1: 0, 2: 0, 3: 0, 4: 0}",1
7,True,"{'a': 0.23682693805455332, 'e': 0.009585535840291474}",35,26,15.995723403300548,"{0: 9, 1: 0, 2: 0, 3: 0, 4: 0}",1
8,True,"{'a': 0.23661388969644614, 'e': 0.00954249783714385}",25,16,18.92841270818193,"{0: 9, 1: 0, 2: 0, 3: 0, 4: 0}",1
9,True,"{'a': 0.23640103299560256, 'e': 0.009499653069903512}",20,16,8.225614651881592,"{0: 4, 1: 0, 2: 0, 3: 0, 4: 0}",1
10,True,"{'a': 0.2363064914919656, 'e': 0.009480672750409973}",30,18,17.847536196448107,"{0: 12, 1: 0, 2: 0, 3: 0, 4: 0}",1
